cube,codec,setting,psnr,bpv,ra_bytes,ra_ms_quiet,ra_ms_parallel,ra_units
PHerc0500P2_0.55um,zstd19,19,inf,4.1335,1106365,nan,2.35,1
PHerc1667_1.13um,zstd19,19,inf,3.9241,1052790,nan,2.27,1
PHercParis4_2.40um,zstd19,19,inf,5.3363,1374996,nan,4.79,1
PHerc0191_9.36um,zstd19,19,inf,6.2120,1559150,nan,3.88,1
PHerc0500P2_0.55um,blosc-zstd5,5,inf,4.6385,1241519,nan,2.59,1
PHerc1667_1.13um,blosc-zstd5,5,inf,4.5924,1219597,nan,1.97,1
PHercParis4_2.40um,blosc-zstd5,5,inf,5.9872,1533810,nan,1.92,1
PHerc0191_9.36um,blosc-zstd5,5,inf,6.6831,1689456,nan,3.96,1
PHerc0500P2_0.55um,lz4,0,inf,7.3456,2000602,nan,1.53,1
PHerc1667_1.13um,lz4,0,inf,7.4535,2010896,nan,6.06,1
PHercParis4_2.40um,lz4,0,inf,8.0254,2101552,nan,1.45,1
PHerc0191_9.36um,lz4,0,inf,8.0267,2105376,nan,6.72,1
PHerc0500P2_0.55um,jpeg,25,39.42,0.2481,1011485,nan,41.69,128
PHerc1667_1.13um,jpeg,25,39.59,0.2857,1224477,nan,64.38,128
PHercParis4_2.40um,jpeg,25,36.27,0.4799,2000292,nan,61.39,128
PHerc0191_9.36um,jpeg,50,37.12,1.0376,4285952,nan,89.91,128
PHerc0500P2_0.55um,jpeg2000,37,36.17,0.0645,250517,nan,112.34,128
PHerc1667_1.13um,jpeg2000,37,36.05,0.0696,315583,nan,204.83,128
PHercParis4_2.40um,jpeg2000,37,36.37,0.2976,1243628,nan,284.76,128
PHerc0191_9.36um,jpeg2000,37,36.42,0.7072,2821974,nan,548.03,128
PHerc0500P2_0.55um,jpegxl,25,35.09,0.0669,275346,nan,360.67,128
PHerc1667_1.13um,jpegxl,25,35.43,0.0685,298595,nan,411.36,128
PHercParis4_2.40um,jpegxl,8,35.31,0.2389,996758,nan,535.43,128
PHerc0191_9.36um,jpegxl,3,37.99,0.7089,2920681,nan,477.32,128
PHerc0500P2_0.55um,webp,20,36.91,0.1322,534938,nan,100.35,128
PHerc1667_1.13um,webp,5,35.31,0.1134,487574,nan,202.64,128
PHercParis4_2.40um,webp,40,36.18,0.4295,1793522,nan,169.77,128
PHerc0191_9.36um,webp,60,35.70,0.9024,3721264,nan,236.23,128
PHerc0500P2_0.55um,avif,10,35.79,0.0608,248037,nan,117.48,128
PHerc1667_1.13um,avif,10,35.71,0.0686,296177,nan,130.70,128
PHercParis4_2.40um,avif,40,36.94,0.2944,1234321,nan,188.55,128
PHerc0191_9.36um,avif,55,37.32,0.6770,2821473,nan,247.03,128
PHerc0500P2_0.55um,x264,32,37.50,0.0324,121033,nan,66.35,1
PHerc1667_1.13um,x264,32,37.57,0.0485,212133,nan,496.71,1
PHercParis4_2.40um,x264,26,37.40,0.2994,1247242,nan,215.79,1
PHerc0191_9.36um,x264,26,35.58,0.5666,2367158,nan,221.05,1
PHerc0500P2_0.55um,x265,32,37.72,0.0171,67136,nan,133.62,1
PHerc1667_1.13um,x265,32,38.17,0.0206,89971,nan,87.02,1
PHercParis4_2.40um,x265,26,36.84,0.1414,595107,nan,502.36,1
PHerc0191_9.36um,x265,20,38.85,0.5410,2253142,nan,395.04,1
PHerc0500P2_0.55um,svtav1,58,36.25,0.0095,38183,nan,74.87,1
PHerc1667_1.13um,svtav1,58,36.26,0.0113,49580,nan,154.26,1
PHercParis4_2.40um,svtav1,38,36.94,0.1185,491789,nan,144.28,1
PHerc0191_9.36um,svtav1,28,38.98,0.4793,1995248,nan,239.93,1
PHerc0500P2_0.55um,aom,58,35.36,0.0080,31874,nan,128.70,1
PHerc1667_1.13um,aom,58,35.25,0.0100,43712,nan,52.53,1
PHercParis4_2.40um,aom,38,36.04,0.1085,447732,nan,331.44,1
PHerc0191_9.36um,aom,28,37.88,0.4472,1876397,nan,292.59,1
PHerc0500P2_0.55um,x264-intra,32,36.55,0.0777,310049,nan,108.42,1
PHerc1667_1.13um,x264-intra,32,36.07,0.0905,383971,nan,178.46,1
PHercParis4_2.40um,x264-intra,24,35.93,0.3515,1467778,nan,156.84,1
PHerc0191_9.36um,x264-intra,16,38.78,1.0932,4563026,nan,382.72,1
PHerc0500P2_0.55um,x265-intra,32,37.38,0.1426,597883,nan,154.60,1
PHerc1667_1.13um,x265-intra,32,37.23,0.1481,629851,nan,181.17,1
PHercParis4_2.40um,x265-intra,24,36.92,0.3590,1497105,nan,194.04,1
PHerc0191_9.36um,x265-intra,16,40.10,0.9452,3936592,nan,449.43,1
PHerc0500P2_0.55um,svtav1-intra,53,36.34,0.0548,219757,nan,86.08,1
PHerc1667_1.13um,svtav1-intra,53,36.45,0.0635,277241,nan,109.89,1
PHercParis4_2.40um,svtav1-intra,38,37.58,0.3248,1357850,nan,127.87,1
PHerc0191_9.36um,svtav1-intra,38,36.36,0.5751,2354282,nan,218.47,1
PHerc0500P2_0.55um,aom-intra,38,39.69,0.1035,411433,nan,116.77,1
PHerc1667_1.13um,aom-intra,38,40.22,0.1162,506042,nan,110.40,1
PHercParis4_2.40um,aom-intra,38,36.45,0.2597,1083864,nan,138.15,1
PHerc0191_9.36um,aom-intra,23,40.77,0.9067,3716950,nan,229.97,1
PHerc0500P2_0.55um,zfp-acc,256,38.24,0.4190,112168,nan,33.25,1
PHerc1667_1.13um,zfp-acc,256,38.10,0.4219,114536,nan,33.95,1
PHercParis4_2.40um,zfp-acc,128,37.85,0.8947,227776,nan,20.93,1
PHerc0191_9.36um,zfp-acc,128,36.06,1.3304,335664,nan,12.36,1
PHerc0500P2_0.55um,zfp-rate,0.5,38.52,0.5001,131088,nan,16.77,1
PHerc1667_1.13um,zfp-rate,0.5,39.66,0.5001,131088,nan,37.73,1
PHercParis4_2.40um,zfp-rate,1,38.38,1.0001,262160,nan,34.49,1
PHerc0191_9.36um,zfp-rate,1.5,36.41,1.5001,393232,nan,39.14,1
PHerc0500P2_0.55um,sz3,8,39.77,0.0973,26024,nan,69.49,1
PHerc1667_1.13um,sz3,8,39.75,0.0776,25050,nan,90.16,1
PHercParis4_2.40um,sz3,8,38.09,0.3532,95078,nan,82.30,1
PHerc0191_9.36um,sz3,8,35.94,0.8727,198003,nan,72.48,1
PHerc0500P2_0.55um,volcomp,32,36.68,0.0187,5159,nan,2.33,1
PHerc1667_1.13um,volcomp,32,36.87,0.0221,5942,nan,3.74,1
PHercParis4_2.40um,volcomp,8,36.55,0.1528,38504,nan,2.79,1
PHerc0191_9.36um,volcomp,4,37.19,0.4307,107187,nan,3.75,1
PHerc0500P2_0.55um,volcomp-smooth,32,37.41,0.0187,5159,nan,17.71,1
PHerc1667_1.13um,volcomp-smooth,64,35.02,0.0134,3536,nan,43.08,1
PHercParis4_2.40um,volcomp-smooth,8,37.04,0.1528,38504,nan,20.26,1
PHerc0191_9.36um,volcomp-smooth,4,37.20,0.4307,107187,nan,24.20,1
