cube,codec,setting,psnr,bpv,ra_bytes,ra_ms,ra_units
PHercParis4_2.40um,zstd19,19,inf,5.3363,1374996,4.79,1
PHerc0500P2_0.55um,blosc-zstd5,5,inf,4.6385,1241519,2.59,1
PHerc1667_1.13um,blosc-zstd5,5,inf,4.5924,1219597,1.97,1
PHercParis4_2.40um,blosc-zstd5,5,inf,5.9872,1533810,1.92,1
PHerc0500P2_0.55um,lz4,0,inf,7.3456,2000602,1.53,1
PHerc1667_1.13um,lz4,0,inf,7.4535,2010896,6.06,1
PHercParis4_2.40um,lz4,0,inf,8.0254,2101552,1.45,1
PHerc0500P2_0.55um,jpeg,10,34.43,0.1270,516402,31.49,128
PHerc1667_1.13um,jpeg,10,34.09,0.1447,622265,36.22,128
PHercParis4_2.40um,jpeg,25,36.27,0.4799,2000292,61.39,128
PHerc0500P2_0.55um,jpeg2000,37,36.17,0.0645,250517,112.34,128
PHercParis4_2.40um,jpeg2000,37,36.37,0.2976,1243628,284.76,128
PHercParis4_2.40um,jpegxl,8,35.31,0.2389,996758,535.43,128
PHerc0500P2_0.55um,webp,5,34.75,0.0881,358034,88.31,128
PHercParis4_2.40um,webp,20,34.10,0.3148,1313996,167.12,128
PHercParis4_2.40um,avif,25,33.42,0.1760,737525,204.70,128
PHerc0500P2_0.55um,x264,38,34.16,0.0156,59297,47.36,1
PHercParis4_2.40um,x264,32,33.29,0.1414,588570,113.15,1
PHercParis4_2.40um,x265,32,33.18,0.0673,284560,215.47,1
PHercParis4_2.40um,svtav1,48,33.62,0.0630,263396,122.54,1
PHerc0500P2_0.55um,x264-intra,32,36.55,0.0777,310049,108.42,1
PHercParis4_2.40um,x264-intra,24,35.93,0.3515,1467778,156.84,1
PHercParis4_2.40um,x265-intra,24,36.92,0.3590,1497105,194.04,1
PHercParis4_2.40um,svtav1-intra,38,37.58,0.3248,1357850,127.87,1
PHerc0500P2_0.55um,zfp-acc,1,inf,6.2571,1650424,31.09,1
PHercParis4_2.40um,zfp-acc,1,inf,6.9788,1812344,52.41,1
PHerc0500P2_0.55um,zfp-rate,0.5,38.52,0.5001,131088,16.77,1
PHercParis4_2.40um,zfp-rate,1,38.38,1.0001,262160,34.49,1
PHerc0500P2_0.55um,sz3,16,34.90,0.0379,7992,71.48,1
PHercParis4_2.40um,sz3,16,32.91,0.1585,40053,71.71,1
PHerc0500P2_0.55um,volcomp,64,34.24,0.0112,3031,1.39,1
PHercParis4_2.40um,volcomp,8,36.55,0.1528,38504,2.79,1
PHerc0500P2_0.55um,volcomp-smooth,64,34.98,0.0112,3031,22.73,1
PHercParis4_2.40um,volcomp-smooth,16,33.97,0.0888,22163,28.22,1
