cube,codec,family,param,setting,n,bytes,bpv,ratio,psnr,ssim,mae,maxerr,q_enc_MBps,q_dec_MBps,q_ra_ms,enc_MBps,dec_MBps,ra_bytes,ra_ms,ra_units,ra_matches_full_decode,threads,host
PHerc0500P2_0.55um,zstd19,lossless,level,19,512,69349328,4.13354,1.93539,inf,1,0,0,nan,nan,nan,1.20245,498.554,1106365,2.351,1,True,1,forlindesk2
PHerc0500P2_0.55um,blosc-zstd5,lossless,clevel,5,512,77820711,4.63848,1.7247,inf,1,0,0,nan,nan,nan,40.8517,599.582,1241519,2.58991,1,True,1,forlindesk2
PHerc0500P2_0.55um,lz4,lossless,level,0,512,123238104,7.34556,1.08909,inf,1,0,0,nan,nan,nan,603.504,1984.45,2000602,1.52618,1,True,1,forlindesk2
PHerc0500P2_0.55um,jpeg,2d,quality,2,512,833367,0.0496725,161.055,27.0628,0.715317,8.65064,94,nan,nan,nan,128.02,602.554,206312,23.9784,128,True,1,forlindesk2
PHerc0500P2_0.55um,jpeg,2d,quality,5,512,1233508,0.0735228,108.81,29.817,0.772697,6.78154,67,nan,nan,nan,134.401,694.662,302597,40.2726,128,True,1,forlindesk2
PHerc0500P2_0.55um,jpeg,2d,quality,10,512,2130629,0.126995,62.9944,34.4338,0.873648,3.77191,43,nan,nan,nan,155.498,774.181,516402,31.4855,128,True,1,forlindesk2
PHerc0500P2_0.55um,jpeg,2d,quality,25,512,4161632,0.248053,32.2512,39.416,0.945548,2.0923,25,nan,nan,nan,146.065,621.566,1011485,41.6924,128,True,1,forlindesk2
PHerc0500P2_0.55um,jpeg,2d,quality,50,512,6606734,0.393792,20.3153,42.7136,0.970789,1.42339,16,nan,nan,nan,136.37,507.982,1604003,49.9234,128,True,1,forlindesk2
PHerc0500P2_0.55um,jpeg,2d,quality,70,512,9302752,0.554487,14.4277,44.8974,0.981039,1.09666,11,nan,nan,nan,129.319,439.535,2262891,53.1992,128,True,1,forlindesk2
PHerc0500P2_0.55um,jpeg,2d,quality,85,512,14224651,0.847855,9.43557,47.4976,0.988968,0.789089,8,nan,nan,nan,114.981,376.316,3477606,64.6733,128,True,1,forlindesk2
PHerc0500P2_0.55um,jpeg,2d,quality,95,512,26603138,1.58567,5.04518,50.8523,0.994667,0.48238,7,nan,nan,nan,97.2525,293.238,6561346,108.756,128,True,1,forlindesk2
PHerc0500P2_0.55um,jpeg2000,2d,target PSNR,28,512,205033,0.0122209,654.615,27.0105,0.735047,8.26827,149,nan,nan,nan,26.0828,213.518,50107,95.0762,128,True,1,forlindesk2
PHerc0500P2_0.55um,jpeg2000,2d,target PSNR,31,512,370402,0.0220777,362.357,30.195,0.808612,5.74564,118,nan,nan,nan,26.0827,206.039,85772,100.03,128,True,1,forlindesk2
PHerc0500P2_0.55um,jpeg2000,2d,target PSNR,34,512,652244,0.0388768,205.778,33.0827,0.868996,4.14463,94,nan,nan,nan,26.2658,228.076,154468,107.986,128,True,1,forlindesk2
PHerc0500P2_0.55um,jpeg2000,2d,target PSNR,37,512,1081828,0.064482,124.066,36.1673,0.916699,2.94074,68,nan,nan,nan,26.0438,171.378,250517,112.344,128,True,1,forlindesk2
PHerc0500P2_0.55um,jpeg2000,2d,target PSNR,40,512,1864741,0.111147,71.9766,39.1693,0.948907,2.11002,48,nan,nan,nan,26.4773,156.213,416558,153.182,128,True,1,forlindesk2
PHerc0500P2_0.55um,jpeg2000,2d,target PSNR,43,512,3174669,0.189225,42.2777,42.1819,0.969159,1.51239,26,nan,nan,nan,26.5601,119.677,734153,185.923,128,True,1,forlindesk2
PHerc0500P2_0.55um,jpeg2000,2d,target PSNR,46,512,5199855,0.309936,25.8118,44.9798,0.981124,1.08925,24,nan,nan,nan,26.6284,80.4087,1219019,252.777,128,True,1,forlindesk2
PHerc0500P2_0.55um,jpegxl,2d,distance,25,512,1123017,0.066937,119.515,35.0911,0.892381,3.30977,47,nan,nan,nan,3.44644,53.4091,275346,360.666,128,True,1,forlindesk2
PHerc0500P2_0.55um,jpegxl,2d,distance,18,512,1424206,0.0848893,94.2404,36.6653,0.918135,2.77026,39,nan,nan,nan,3.7749,107.771,349210,360.456,128,True,1,forlindesk2
PHerc0500P2_0.55um,jpegxl,2d,distance,12,512,1872714,0.111622,71.6702,38.3951,0.939817,2.28964,32,nan,nan,nan,3.37196,106.642,456443,311.496,128,True,1,forlindesk2
PHerc0500P2_0.55um,jpegxl,2d,distance,8,512,2262270,0.134842,59.3288,39.7133,0.951438,1.98804,27,nan,nan,nan,3.33189,54.2496,549105,554.13,128,True,1,forlindesk2
PHerc0500P2_0.55um,jpegxl,2d,distance,5,512,3157855,0.188223,42.5028,41.9751,0.967262,1.54651,20,nan,nan,nan,3.05577,39.4588,762595,553.376,128,True,1,forlindesk2
PHerc0500P2_0.55um,jpegxl,2d,distance,3,512,4669302,0.278312,28.7447,44.2801,0.978426,1.18538,15,nan,nan,nan,3.15229,79.0538,1122329,423.299,128,True,1,forlindesk2
PHerc0500P2_0.55um,jpegxl,2d,distance,2,512,6456066,0.384812,20.7894,46.1407,0.984934,0.944583,11,nan,nan,nan,2.63489,82.1488,1559722,399.972,128,True,1,forlindesk2
PHerc0500P2_0.55um,jpegxl,2d,distance,1,512,10278457,0.612644,13.0582,48.4709,0.990751,0.693851,7,nan,nan,nan,3.04718,38.8267,2500940,405.069,128,True,1,forlindesk2
PHerc0500P2_0.55um,jpegxl,2d,distance,0.5,512,20675139,1.23233,6.49174,50.5523,0.994234,0.508237,6,nan,nan,nan,3.03338,59.1087,5063122,539.732,128,True,1,forlindesk2
PHerc0500P2_0.55um,webp,2d,quality,0,512,883178,0.0526415,151.971,32.259,0.853441,4.64783,75,nan,nan,nan,23.2626,286.14,216036,85.0678,128,True,1,forlindesk2
PHerc0500P2_0.55um,webp,2d,quality,5,512,1478734,0.0881394,90.7653,34.7538,0.8996,3.39418,39,nan,nan,nan,20.5662,106.594,358034,88.3128,128,True,1,forlindesk2
PHerc0500P2_0.55um,webp,2d,quality,20,512,2218308,0.132221,60.5046,36.9115,0.927214,2.6739,30,nan,nan,nan,18.9984,107.366,534938,100.353,128,True,1,forlindesk2
PHerc0500P2_0.55um,webp,2d,quality,40,512,3028542,0.180515,44.3176,39.0708,0.948261,2.11615,23,nan,nan,nan,17.8344,38.2653,729328,109.41,128,True,1,forlindesk2
PHerc0500P2_0.55um,webp,2d,quality,60,512,3831532,0.228377,35.0298,40.533,0.959904,1.80152,25,nan,nan,nan,17.084,28.9861,924928,170.267,128,True,1,forlindesk2
PHerc0500P2_0.55um,webp,2d,quality,80,512,5586238,0.332966,24.0265,42.4564,0.972079,1.43647,18,nan,nan,nan,15.9827,11.535,1350406,148.424,128,True,1,forlindesk2
PHerc0500P2_0.55um,webp,2d,quality,95,512,14793720,0.881774,9.07262,47.3088,0.989307,0.790251,7,nan,nan,nan,13.4606,11.5475,3560810,227.284,128,True,1,forlindesk2
PHerc0500P2_0.55um,avif,2d,quality,0,512,788820,0.0470173,170.15,34.1208,0.873788,3.69016,62,nan,nan,nan,8.1117,144.033,193560,138.603,128,True,1,forlindesk2
PHerc0500P2_0.55um,avif,2d,quality,5,512,854631,0.05094,157.048,34.6527,0.883848,3.48221,47,nan,nan,nan,6.47883,142.425,208968,149.276,128,True,1,forlindesk2
PHerc0500P2_0.55um,avif,2d,quality,10,512,1019320,0.0607562,131.674,35.7874,0.903259,3.07655,40,nan,nan,nan,7.3731,225.488,248037,117.476,128,True,1,forlindesk2
PHerc0500P2_0.55um,avif,2d,quality,25,512,1494999,0.0891089,89.7778,38.1265,0.93474,2.38136,35,nan,nan,nan,6.39567,159.231,361160,186.99,128,True,1,forlindesk2
PHerc0500P2_0.55um,avif,2d,quality,40,512,2543262,0.15159,52.7739,41.1523,0.961769,1.69892,25,nan,nan,nan,4.62592,203.41,612325,156.514,128,True,1,forlindesk2
PHerc0500P2_0.55um,avif,2d,quality,55,512,4250344,0.25334,31.5781,43.741,0.976202,1.26208,15,nan,nan,nan,4.48019,167.205,1026694,180.663,128,True,1,forlindesk2
PHerc0500P2_0.55um,avif,2d,quality,70,512,6462313,0.385184,20.7693,45.7441,0.983719,0.991387,11,nan,nan,nan,4.14537,134.164,1561969,218.67,128,True,1,forlindesk2
PHerc0500P2_0.55um,avif,2d,quality,85,512,10379253,0.618652,12.9313,48.061,0.990029,0.732651,8,nan,nan,nan,2.84919,97.8137,2532237,256.465,128,True,1,forlindesk2
PHerc0500P2_0.55um,avif,2d,quality,95,512,22692688,1.35259,5.91458,51.5981,0.995627,0.421646,4,nan,nan,nan,1.60642,58.1239,5597271,562.796,128,True,1,forlindesk2
PHerc0500P2_0.55um,x264,video,crf,44,512,120221,0.00716573,1116.42,30.385,0.839329,5.77847,79,nan,nan,nan,72.8698,378.942,28418,63.3231,1,True,1,forlindesk2
PHerc0500P2_0.55um,x264,video,crf,38,512,261326,0.0155762,513.603,34.156,0.898798,3.74099,55,nan,nan,nan,59.7328,324.769,59297,47.361,1,True,1,forlindesk2
PHerc0500P2_0.55um,x264,video,crf,32,512,543497,0.0323949,246.952,37.503,0.937578,2.58767,41,nan,nan,nan,46.1149,376.304,121033,66.3474,1,True,1,forlindesk2
PHerc0500P2_0.55um,x264,video,crf,26,512,1156082,0.0689079,116.097,40.6938,0.961561,1.81072,23,nan,nan,nan,34.7746,236.345,255217,58.5479,1,True,1,forlindesk2
PHerc0500P2_0.55um,x264,video,crf,20,512,2539231,0.15135,52.8576,43.6273,0.975841,1.28613,13,nan,nan,nan,30.0209,265.243,559480,139.022,1,True,1,forlindesk2
PHerc0500P2_0.55um,x264,video,crf,14,512,6101567,0.363682,21.9973,46.539,0.985693,0.896096,8,nan,nan,nan,20.2581,20.4913,1354852,179,1,True,1,forlindesk2
PHerc0500P2_0.55um,x264,video,crf,8,512,15567567,0.927899,8.62163,50.1436,0.993409,0.531997,5,nan,nan,nan,14.8235,12.4099,3549869,316.688,1,True,1,forlindesk2
PHerc0500P2_0.55um,x265,video,crf,44,512,65244,0.00388885,2057.17,30.6827,0.837968,5.46506,98,nan,nan,nan,25.8084,53.9404,15876,67.5037,1,True,1,forlindesk2
PHerc0500P2_0.55um,x265,video,crf,38,512,137679,0.00820631,974.86,34.4025,0.901696,3.62486,56,nan,nan,nan,20.5664,9.44363,32775,95.7228,1,True,1,forlindesk2
PHerc0500P2_0.55um,x265,video,crf,32,512,287362,0.0171281,467.068,37.7249,0.941043,2.50989,44,nan,nan,nan,8.06094,175.25,67136,133.623,1,True,1,forlindesk2
PHerc0500P2_0.55um,x265,video,crf,26,512,620793,0.0370021,216.204,40.8153,0.963208,1.77369,23,nan,nan,nan,8.01994,86.6231,144098,147.68,1,True,1,forlindesk2
PHerc0500P2_0.55um,x265,video,crf,20,512,1366538,0.081452,98.2173,43.6602,0.976857,1.27618,16,nan,nan,nan,8.86151,125.521,319205,138.927,1,True,1,forlindesk2
PHerc0500P2_0.55um,x265,video,crf,14,512,3066658,0.182787,43.7668,46.2,0.985454,0.933826,11,nan,nan,nan,6.59059,90.2841,723607,121.789,1,True,1,forlindesk2
PHerc0500P2_0.55um,x265,video,crf,8,512,7405447,0.441399,18.1242,48.7053,0.991318,0.662445,6,nan,nan,nan,4.71563,63.1245,1781464,205.649,1,True,1,forlindesk2
PHerc0500P2_0.55um,svtav1,video,crf,63,512,79227,0.0047223,1694.09,33.4406,0.893656,3.90247,99,nan,nan,nan,11.6369,227.782,19035,88.9847,1,True,1,forlindesk2
PHerc0500P2_0.55um,svtav1,video,crf,58,512,159744,0.00952148,840.205,36.2543,0.928171,2.8704,54,nan,nan,nan,13.3878,294.206,38183,74.8727,1,True,1,forlindesk2
PHerc0500P2_0.55um,svtav1,video,crf,48,512,295353,0.0176044,454.432,38.6123,0.948989,2.2271,41,nan,nan,nan,18.7885,294.163,69540,85.2338,1,True,1,forlindesk2
PHerc0500P2_0.55um,svtav1,video,crf,38,512,522392,0.031137,256.929,40.8669,0.963833,1.74334,29,nan,nan,nan,17.8559,260.06,123095,94.0885,1,True,1,forlindesk2
PHerc0500P2_0.55um,svtav1,video,crf,28,512,1006387,0.0599853,133.366,43.3255,0.975595,1.32401,20,nan,nan,nan,15.0219,209.154,235318,110.913,1,True,1,forlindesk2
PHerc0500P2_0.55um,svtav1,video,crf,18,512,1752483,0.104456,76.5872,45.1881,0.982323,1.06122,14,nan,nan,nan,18.6746,268.107,412463,150.382,1,True,1,forlindesk2
PHerc0500P2_0.55um,svtav1,video,crf,8,512,3948570,0.235353,33.9915,47.407,0.988786,0.794859,13,nan,nan,nan,9.0262,167.401,945510,184.507,1,True,1,forlindesk2
PHerc0500P2_0.55um,aom,video,crf,58,512,133382,0.00795019,1006.27,35.3615,0.917947,3.18762,59,nan,nan,nan,12.8224,893.454,31874,128.7,1,True,1,forlindesk2
PHerc0500P2_0.55um,aom,video,crf,48,512,261598,0.0155925,513.069,38.1495,0.945063,2.36017,37,nan,nan,nan,9.64537,541.379,61587,119.31,1,True,1,forlindesk2
PHerc0500P2_0.55um,aom,video,crf,38,512,462522,0.0275685,290.187,40.3828,0.960724,1.85179,25,nan,nan,nan,8.27699,433.022,107920,77.3035,1,True,1,forlindesk2
PHerc0500P2_0.55um,aom,video,crf,28,512,856676,0.0510619,156.673,42.6174,0.972369,1.44263,18,nan,nan,nan,5.4058,209.077,200564,94.6453,1,True,1,forlindesk2
PHerc0500P2_0.55um,aom,video,crf,18,512,1478081,0.0881005,90.8054,44.3888,0.979427,1.17023,15,nan,nan,nan,4.96136,166.235,346033,125.858,1,True,1,forlindesk2
PHerc0500P2_0.55um,aom,video,crf,8,512,3446132,0.205405,38.9474,47.003,0.987331,0.840331,11,nan,nan,nan,3.03614,44.5344,814999,223.092,1,True,1,forlindesk2
PHerc0500P2_0.55um,x264-intra,video-intra,crf,40,512,542559,0.032339,247.379,31.8275,0.829821,4.90255,78,nan,nan,nan,35.1642,117.666,131082,116.399,1,True,1,forlindesk2
PHerc0500P2_0.55um,x264-intra,video-intra,crf,32,512,1302952,0.077662,103.01,36.5524,0.91823,2.84625,55,nan,nan,nan,77.3147,230.077,310049,108.422,1,True,1,forlindesk2
PHerc0500P2_0.55um,x264-intra,video-intra,crf,24,512,3035565,0.180934,44.2151,41.002,0.961724,1.73994,23,nan,nan,nan,55.4587,196.293,718855,142.204,1,True,1,forlindesk2
PHerc0500P2_0.55um,x264-intra,video-intra,crf,16,512,7078595,0.421917,18.9611,44.9768,0.981114,1.08991,12,nan,nan,nan,40.9673,132.675,1683242,193.051,1,True,1,forlindesk2
PHerc0500P2_0.55um,x264-intra,video-intra,crf,8,512,16662022,0.993134,8.05531,49.222,0.992166,0.621473,5,nan,nan,nan,27.5896,86.1538,4010819,424.129,1,True,1,forlindesk2
PHerc0500P2_0.55um,x265-intra,video-intra,crf,40,512,1689588,0.100707,79.4381,32.7961,0.840567,4.32584,64,nan,nan,nan,4.81154,249.808,424212,94.5584,1,True,1,forlindesk2
PHerc0500P2_0.55um,x265-intra,video-intra,crf,32,512,2392412,0.142599,56.1014,37.3805,0.925282,2.60468,36,nan,nan,nan,5.16206,343.989,597883,154.603,1,True,1,forlindesk2
PHerc0500P2_0.55um,x265-intra,video-intra,crf,24,512,3899759,0.232444,34.4169,41.8256,0.965957,1.58447,18,nan,nan,nan,4.62713,230.74,969995,181.618,1,True,1,forlindesk2
PHerc0500P2_0.55um,x265-intra,video-intra,crf,16,512,7307776,0.435577,18.3664,45.9296,0.984242,0.969703,10,nan,nan,nan,3.73411,123.614,1842963,242.148,1,True,1,forlindesk2
PHerc0500P2_0.55um,x265-intra,video-intra,crf,8,512,16015912,0.954623,8.38027,50.0813,0.993592,0.544735,5,nan,nan,nan,2.5967,52.8442,4119526,410.867,1,True,1,forlindesk2
PHerc0500P2_0.55um,svtav1-intra,video-intra,crf,63,512,314782,0.0187625,426.383,31.1645,0.804162,5.18803,83,nan,nan,nan,5.18757,281.825,77268,114.349,1,True,1,forlindesk2
PHerc0500P2_0.55um,svtav1-intra,video-intra,crf,53,512,919510,0.0548071,145.967,36.3402,0.913002,2.91499,45,nan,nan,nan,5.80102,297.692,219757,86.0788,1,True,1,forlindesk2
PHerc0500P2_0.55um,svtav1-intra,video-intra,crf,38,512,2247609,0.133968,59.7158,40.7498,0.960479,1.78515,24,nan,nan,nan,9.41888,262.253,534699,96.3262,1,True,1,forlindesk2
PHerc0500P2_0.55um,svtav1-intra,video-intra,crf,23,512,5086862,0.303201,26.3852,44.6641,0.980998,1.12971,12,nan,nan,nan,6.99452,158.534,1217878,178.873,1,True,1,forlindesk2
PHerc0500P2_0.55um,svtav1-intra,video-intra,crf,8,512,12545556,0.747773,10.6984,49.059,0.991718,0.635694,7,nan,nan,nan,6.82538,109.776,3058558,262.183,1,True,1,forlindesk2
PHerc0500P2_0.55um,aom-intra,video-intra,crf,53,512,719826,0.042905,186.459,34.7539,0.884447,3.4774,55,nan,nan,nan,10.9431,313.658,172538,168.772,1,True,1,forlindesk2
PHerc0500P2_0.55um,aom-intra,video-intra,crf,38,512,1737162,0.103543,77.2626,39.6866,0.950098,2.01978,31,nan,nan,nan,7.48322,229.185,411433,116.772,1,True,1,forlindesk2
PHerc0500P2_0.55um,aom-intra,video-intra,crf,23,512,3944114,0.235088,34.0299,43.962,0.976792,1.23521,17,nan,nan,nan,6.27707,161.854,936881,115.085,1,True,1,forlindesk2
PHerc0500P2_0.55um,aom-intra,video-intra,crf,8,512,9233957,0.550387,14.5352,47.9237,0.989453,0.747561,7,nan,nan,nan,4.26897,159.707,2227420,212.031,1,True,1,forlindesk2
PHerc0500P2_0.55um,zfp-acc,3d,tolerance,256,512,7030056,0.419024,19.092,38.2375,0.935525,2.3452,31,nan,nan,nan,125.881,84.9247,112168,33.2485,1,True,1,forlindesk2
PHerc0500P2_0.55um,zfp-acc,3d,tolerance,128,512,8648016,0.515462,15.5201,41.6363,0.964661,1.59772,20,nan,nan,nan,93.7789,51.0369,139472,33.7088,1,True,1,forlindesk2
PHerc0500P2_0.55um,zfp-acc,3d,tolerance,64,512,11923832,0.710716,11.2563,44.721,0.980152,1.1161,10,nan,nan,nan,113.882,56.3722,194096,47.3809,1,True,1,forlindesk2
PHerc0500P2_0.55um,zfp-acc,3d,tolerance,32,512,21287080,1.26881,6.30513,47.612,0.988923,0.777076,7,nan,nan,nan,108.932,109.666,342640,22.3903,1,True,1,forlindesk2
PHerc0500P2_0.55um,zfp-acc,3d,tolerance,16,512,37565088,2.23905,3.57294,51.0241,0.994779,0.455408,4,nan,nan,nan,123.59,91.0301,597096,24.293,1,True,1,forlindesk2
PHerc0500P2_0.55um,zfp-acc,3d,tolerance,8,512,54547848,3.25131,2.46055,56.7496,0.998592,0.135253,3,nan,nan,nan,113.899,84.2419,862464,24.4774,1,True,1,forlindesk2
PHerc0500P2_0.55um,zfp-acc,3d,tolerance,4,512,71402000,4.25589,1.87975,67.3164,0.999876,0.0120626,1,nan,nan,nan,102.931,87.087,1125816,23.3692,1,True,1,forlindesk2
PHerc0500P2_0.55um,zfp-acc,3d,tolerance,2,512,88196480,5.25692,1.5218,96.9194,1,1.32173e-05,1,nan,nan,nan,94.0568,112.457,1388224,25.2442,1,True,1,forlindesk2
PHerc0500P2_0.55um,zfp-acc,3d,tolerance,1,512,104977400,6.25714,1.27854,inf,1,0,0,nan,nan,nan,70.9458,47.7694,1650424,31.09,1,True,1,forlindesk2
PHerc0500P2_0.55um,zfp-acc,3d,tolerance,0.5,512,121755424,7.25719,1.10236,inf,1,0,0,nan,nan,nan,69.2441,48.1565,1912576,37.7867,1,True,1,forlindesk2
PHerc0500P2_0.55um,zfp-acc,3d,tolerance,0.25,512,138532792,8.2572,0.968852,inf,1,0,0,nan,nan,nan,69.5253,49.2079,2174720,36.565,1,True,1,forlindesk2
PHerc0500P2_0.55um,zfp-rate,3d,bits/value,0.25,512,4195328,0.250061,31.9922,26.8717,0.746107,8.71399,107,nan,nan,nan,89.8401,50.4953,65552,26.0408,1,True,1,forlindesk2
PHerc0500P2_0.55um,zfp-rate,3d,bits/value,0.5,512,8389632,0.500061,15.998,38.5181,0.94486,2.03128,66,nan,nan,nan,145.257,97.3174,131088,16.7705,1,True,1,forlindesk2
PHerc0500P2_0.55um,zfp-rate,3d,bits/value,1,512,16778240,1.00006,7.99951,46.1094,0.986291,0.907484,26,nan,nan,nan,122.041,100.86,262160,17.2746,1,True,1,forlindesk2
PHerc0500P2_0.55um,zfp-rate,3d,bits/value,1.5,512,25166848,1.50006,5.33312,48.6367,0.991819,0.656203,19,nan,nan,nan,111.53,87.1963,393232,17.7763,1,True,1,forlindesk2
PHerc0500P2_0.55um,zfp-rate,3d,bits/value,2,512,33555456,2.00006,3.99988,50.4879,0.994398,0.500673,14,nan,nan,nan,105.227,83.8801,524304,19.92,1,True,1,forlindesk2
PHerc0500P2_0.55um,zfp-rate,3d,bits/value,3,512,50332672,3.00006,2.66661,54.6617,0.997968,0.218306,8,nan,nan,nan,58.7438,47.2371,786448,40.0083,1,True,1,forlindesk2
PHerc0500P2_0.55um,zfp-rate,3d,bits/value,4,512,67109888,4.00006,1.99997,63.1159,0.999746,0.0316868,5,nan,nan,nan,71.3221,52.1203,1048592,35.6947,1,True,1,forlindesk2
PHerc0500P2_0.55um,sz3,3d,abs error,32,512,263050,0.015679,510.237,29.7135,0.826447,6.35354,32,nan,nan,nan,44.1422,50.7739,2839,45.0736,1,True,1,forlindesk2
PHerc0500P2_0.55um,sz3,3d,abs error,16,512,636025,0.03791,211.026,34.8995,0.909813,3.62849,16,nan,nan,nan,28.2039,31.2418,7992,71.483,1,True,1,forlindesk2
PHerc0500P2_0.55um,sz3,3d,abs error,8,512,1631921,0.0972701,82.2452,39.7721,0.954819,2.0794,8,nan,nan,nan,26.3798,31.5108,26024,69.4929,1,True,1,forlindesk2
PHerc0500P2_0.55um,sz3,3d,abs error,4,512,4744118,0.282771,28.2914,44.0914,0.977569,1.24841,4,nan,nan,nan,24.5433,29.7782,76438,72.189,1,True,1,forlindesk2
PHerc0500P2_0.55um,sz3,3d,abs error,2,512,13235126,0.788875,10.141,47.3975,0.988328,0.845294,2,nan,nan,nan,23.1568,26.6405,214272,84.6359,1,True,1,forlindesk2
PHerc0500P2_0.55um,sz3,3d,abs error,1,512,24226587,1.44402,5.5401,51.1891,0.994957,0.49451,1,nan,nan,nan,24.9306,25.3059,381426,79.9158,1,True,1,forlindesk2
PHerc0500P2_0.55um,sz3,3d,abs error,0.5,512,37407873,2.22968,3.58795,90.358,0.999999,5.98803e-05,1,nan,nan,nan,24.3575,22.5912,588413,91.3323,1,True,1,forlindesk2
PHerc0500P2_0.55um,volcomp,volcomp,q,128,512,118275,0.00704974,1134.79,31.8882,0.840192,4.58912,99,nan,nan,nan,58.3491,509.761,1854,2.0741,1,True,1,forlindesk2
PHerc0500P2_0.55um,volcomp,volcomp,q,64,512,187957,0.0112031,714.087,34.2372,0.886064,3.54158,87,nan,nan,nan,129.793,994.525,3031,1.38667,1,True,1,forlindesk2
PHerc0500P2_0.55um,volcomp,volcomp,q,32,512,313584,0.0186911,428.012,36.6771,0.922304,2.71686,66,nan,nan,nan,124.259,744.305,5159,2.32848,1,True,1,forlindesk2
PHerc0500P2_0.55um,volcomp,volcomp,q,16,512,536303,0.0319661,250.265,39.1512,0.948411,2.07926,41,nan,nan,nan,109.739,722.63,9050,2.03162,1,True,1,forlindesk2
PHerc0500P2_0.55um,volcomp,volcomp,q,8,512,920957,0.0548933,145.737,41.6051,0.966194,1.58985,34,nan,nan,nan,111.797,598.022,15561,0.851431,1,True,1,forlindesk2
PHerc0500P2_0.55um,volcomp,volcomp,q,4,512,1576192,0.0939484,85.1532,43.9756,0.977811,1.21664,26,nan,nan,nan,127.95,660.18,26533,1.09046,1,True,1,forlindesk2
PHerc0500P2_0.55um,volcomp,volcomp,q,2,512,2705292,0.161248,49.613,46.1972,0.985332,0.932856,15,nan,nan,nan,128.576,664.829,44821,1.41287,1,True,1,forlindesk2
PHerc0500P2_0.55um,volcomp,volcomp,q,1,512,4719114,0.281281,28.4413,48.2629,0.990306,0.712953,10,nan,nan,nan,127.883,563.507,77151,2.18577,1,True,1,forlindesk2
PHerc0500P2_0.55um,volcomp-smooth,volcomp,q,128,512,118275,0.00704974,1134.79,32.5957,0.864134,4.27484,86,nan,nan,nan,119.035,133.256,1854,13.9416,1,True,1,forlindesk2
PHerc0500P2_0.55um,volcomp-smooth,volcomp,q,64,512,187957,0.0112031,714.087,34.9812,0.903715,3.29301,54,nan,nan,nan,62.6122,63.0648,3031,22.7325,1,True,1,forlindesk2
PHerc0500P2_0.55um,volcomp-smooth,volcomp,q,32,512,313584,0.0186911,428.012,37.4148,0.933941,2.53007,47,nan,nan,nan,59.8748,68.2613,5159,17.7115,1,True,1,forlindesk2
PHerc0500P2_0.55um,volcomp-smooth,volcomp,q,16,512,536303,0.0319661,250.265,39.8198,0.955254,1.94855,33,nan,nan,nan,59.4311,72.0186,9050,15.826,1,True,1,forlindesk2
PHerc0500P2_0.55um,volcomp-smooth,volcomp,q,8,512,920957,0.0548933,145.737,42.1319,0.969724,1.50827,22,nan,nan,nan,59.2636,70.9866,15561,18.5381,1,True,1,forlindesk2
PHerc0500P2_0.55um,volcomp-smooth,volcomp,q,4,512,1576192,0.0939484,85.1532,44.2528,0.979182,1.18104,19,nan,nan,nan,60.8948,78.6216,26533,21.5303,1,True,1,forlindesk2
PHerc0500P2_0.55um,volcomp-smooth,volcomp,q,2,512,2705292,0.161248,49.613,46.1972,0.985332,0.932856,15,nan,nan,nan,63.131,435.595,44821,3.48331,1,True,1,forlindesk2
PHerc0500P2_0.55um,volcomp-smooth,volcomp,q,1,512,4719114,0.281281,28.4413,48.2629,0.990306,0.712953,10,nan,nan,nan,56.6045,339.946,77151,9.16086,1,True,1,forlindesk2
PHerc1667_1.13um,zstd19,lossless,level,19,512,65835048,3.92407,2.0387,inf,1,0,0,nan,nan,nan,1.10897,309.973,1052790,2.26527,1,True,1,forlindesk2
PHerc1667_1.13um,blosc-zstd5,lossless,clevel,5,512,77048374,4.59244,1.74199,inf,1,0,0,nan,nan,nan,45.1916,397.533,1219597,1.96621,1,True,1,forlindesk2
PHerc1667_1.13um,lz4,lossless,level,0,512,125048663,7.45348,1.07332,inf,1,0,0,nan,nan,nan,204.891,411.848,2010896,6.06234,1,True,1,forlindesk2
PHerc1667_1.13um,jpeg,2d,quality,2,512,947192,0.056457,141.701,26.0774,0.616149,10.1805,125,nan,nan,nan,150.403,599.819,237728,23.9755,128,True,1,forlindesk2
PHerc1667_1.13um,jpeg,2d,quality,5,512,1405488,0.0837736,95.4955,29.6358,0.736584,6.76454,70,nan,nan,nan,152.042,357.52,354740,31.8791,128,True,1,forlindesk2
PHerc1667_1.13um,jpeg,2d,quality,10,512,2428301,0.144738,55.2723,34.0863,0.86223,3.98061,57,nan,nan,nan,161.317,523.885,622265,36.2201,128,True,1,forlindesk2
PHerc1667_1.13um,jpeg,2d,quality,25,512,4792417,0.28565,28.0063,39.5946,0.951524,2.07529,32,nan,nan,nan,133.364,410.962,1224477,64.3837,128,True,1,forlindesk2
PHerc1667_1.13um,jpeg,2d,quality,50,512,7398356,0.440976,18.1416,43.4647,0.978422,1.30709,20,nan,nan,nan,115.22,342.982,1891101,90.7729,128,True,1,forlindesk2
PHerc1667_1.13um,jpeg,2d,quality,70,512,9874270,0.588552,13.5927,46.11,0.987883,0.940377,15,nan,nan,nan,113.78,367.041,2521863,66.4157,128,True,1,forlindesk2
PHerc1667_1.13um,jpeg,2d,quality,85,512,14349784,0.855314,9.35329,49.1681,0.993847,0.621482,10,nan,nan,nan,124.406,331.674,3657024,76.0824,128,True,1,forlindesk2
PHerc1667_1.13um,jpeg,2d,quality,95,512,25234384,1.50409,5.31884,53.1392,0.997447,0.310522,8,nan,nan,nan,80.1412,257.209,6400097,106.294,128,True,1,forlindesk2
PHerc1667_1.13um,jpeg2000,2d,target PSNR,28,512,280631,0.0167269,478.271,27.2179,0.739026,8.55289,144,nan,nan,nan,32.296,207.855,74733,120.136,128,True,1,forlindesk2
PHerc1667_1.13um,jpeg2000,2d,target PSNR,31,512,448602,0.0267388,299.191,30.1448,0.815247,6.11056,121,nan,nan,nan,25.4193,190.734,118660,265.72,128,True,1,forlindesk2
PHerc1667_1.13um,jpeg2000,2d,target PSNR,34,512,743694,0.0443276,180.474,33.1891,0.880026,4.32128,68,nan,nan,nan,36.3057,163.008,199615,129.125,128,True,1,forlindesk2
PHerc1667_1.13um,jpeg2000,2d,target PSNR,37,512,1166909,0.0695532,115.02,36.0482,0.92304,3.11256,49,nan,nan,nan,29.2044,196.997,315583,204.827,128,True,1,forlindesk2
PHerc1667_1.13um,jpeg2000,2d,target PSNR,40,512,1766423,0.105287,75.9828,39.1019,0.954759,2.18361,38,nan,nan,nan,36.1026,156.788,473677,227.011,128,True,1,forlindesk2
PHerc1667_1.13um,jpeg2000,2d,target PSNR,43,512,2603868,0.155203,51.5455,41.9355,0.973527,1.56346,27,nan,nan,nan,20.5375,90.9077,681191,354.668,128,True,1,forlindesk2
PHerc1667_1.13um,jpeg2000,2d,target PSNR,46,512,4053552,0.241611,33.1111,44.9195,0.984893,1.09525,15,nan,nan,nan,26.5429,69.0208,1075439,287.733,128,True,1,forlindesk2
PHerc1667_1.13um,jpegxl,2d,distance,25,512,1149720,0.0685287,116.739,35.4315,0.908812,3.33743,47,nan,nan,nan,2.87559,46.149,298595,411.36,128,True,1,forlindesk2
PHerc1667_1.13um,jpegxl,2d,distance,18,512,1461610,0.0871187,91.8287,37.2796,0.933934,2.70127,39,nan,nan,nan,2.81939,58.261,381041,384.483,128,True,1,forlindesk2
PHerc1667_1.13um,jpegxl,2d,distance,12,512,1929979,0.115036,69.5436,39.3087,0.956287,2.1331,32,nan,nan,nan,3.89693,110.264,496129,351.791,128,True,1,forlindesk2
PHerc1667_1.13um,jpegxl,2d,distance,8,512,2295789,0.13684,58.4626,40.5683,0.964061,1.842,26,nan,nan,nan,3.38058,53.244,588838,583.661,128,True,1,forlindesk2
PHerc1667_1.13um,jpegxl,2d,distance,5,512,3032980,0.18078,44.2528,43.1459,0.978117,1.35954,19,nan,nan,nan,3.32787,54.722,778577,623.199,128,True,1,forlindesk2
PHerc1667_1.13um,jpegxl,2d,distance,3,512,4187084,0.24957,32.0552,45.7172,0.986923,0.992285,17,nan,nan,nan,3.10906,74.5296,1077173,503.519,128,True,1,forlindesk2
PHerc1667_1.13um,jpegxl,2d,distance,2,512,5702337,0.339886,23.5373,47.9198,0.99174,0.744587,12,nan,nan,nan,3.35633,73.1515,1469947,469.638,128,True,1,forlindesk2
PHerc1667_1.13um,jpegxl,2d,distance,1,512,8704157,0.518808,15.42,50.4795,0.995246,0.511911,9,nan,nan,nan,3.48409,84.8043,2226638,517.273,128,True,1,forlindesk2
PHerc1667_1.13um,jpegxl,2d,distance,0.5,512,15139514,0.902385,8.86539,52.331,0.996853,0.368234,6,nan,nan,nan,4.009,97.6336,3888835,370.387,128,True,1,forlindesk2
PHerc1667_1.13um,webp,2d,quality,0,512,1050272,0.0626011,127.793,32.0393,0.848646,4.99603,80,nan,nan,nan,17.9909,131.38,268258,124.623,128,True,1,forlindesk2
PHerc1667_1.13um,webp,2d,quality,5,512,1902160,0.113378,70.5607,35.3086,0.917239,3.36799,39,nan,nan,nan,12.4818,150.587,487574,202.642,128,True,1,forlindesk2
PHerc1667_1.13um,webp,2d,quality,20,512,2879912,0.171656,46.6048,37.3695,0.940054,2.66309,26,nan,nan,nan,14.0542,148.125,739640,107.888,128,True,1,forlindesk2
PHerc1667_1.13um,webp,2d,quality,40,512,3908902,0.232989,34.3364,39.6527,0.958458,2.05702,19,nan,nan,nan,13.0555,93.7512,1006606,150.109,128,True,1,forlindesk2
PHerc1667_1.13um,webp,2d,quality,60,512,4741830,0.282635,28.305,41.2181,0.968763,1.71102,19,nan,nan,nan,16.0173,125.347,1221446,145.958,128,True,1,forlindesk2
PHerc1667_1.13um,webp,2d,quality,80,512,6393378,0.381075,20.9932,43.3308,0.979172,1.31996,19,nan,nan,nan,14.1825,102.583,1644744,175.257,128,True,1,forlindesk2
PHerc1667_1.13um,webp,2d,quality,95,512,13888286,0.827806,9.6641,48.3597,0.992804,0.684814,8,nan,nan,nan,11.8814,100.86,3568866,238.638,128,True,1,forlindesk2
PHerc1667_1.13um,avif,2d,quality,0,512,909543,0.054213,147.566,33.8887,0.873178,4.01259,73,nan,nan,nan,5.67885,130.505,233380,122.581,128,True,1,forlindesk2
PHerc1667_1.13um,avif,2d,quality,5,512,980016,0.0584135,136.955,34.4687,0.884962,3.75635,50,nan,nan,nan,5.83491,116.454,251814,131.232,128,True,1,forlindesk2
PHerc1667_1.13um,avif,2d,quality,10,512,1150603,0.0685813,116.65,35.71,0.907228,3.25913,53,nan,nan,nan,7.57062,224.576,296177,130.702,128,True,1,forlindesk2
PHerc1667_1.13um,avif,2d,quality,25,512,1639164,0.0977018,81.8818,38.3063,0.942017,2.41684,36,nan,nan,nan,6.71286,208.37,422508,122.334,128,True,1,forlindesk2
PHerc1667_1.13um,avif,2d,quality,40,512,2621163,0.156233,51.2054,41.7343,0.970324,1.61605,30,nan,nan,nan,4.76068,148.701,675645,165.785,128,True,1,forlindesk2
PHerc1667_1.13um,avif,2d,quality,55,512,4163956,0.248191,32.2332,44.8997,0.98443,1.09845,22,nan,nan,nan,3.17311,174.685,1073242,237.638,128,True,1,forlindesk2
PHerc1667_1.13um,avif,2d,quality,70,512,5912355,0.352404,22.7012,47.1715,0.99026,0.819909,16,nan,nan,nan,3.80837,171.593,1523916,256.218,128,True,1,forlindesk2
PHerc1667_1.13um,avif,2d,quality,85,512,8687631,0.517823,15.4493,49.7131,0.994435,0.573684,11,nan,nan,nan,2.9917,136.569,2229816,254.307,128,True,1,forlindesk2
PHerc1667_1.13um,avif,2d,quality,95,512,17929384,1.06867,7.48591,52.4891,0.997146,0.352893,5,nan,nan,nan,1.7411,67.4534,4586713,448.542,128,True,1,forlindesk2
PHerc1667_1.13um,x264,video,crf,44,512,192001,0.0114442,699.047,29.9622,0.824767,6.2303,98,nan,nan,nan,24.9763,123.815,50014,135.043,1,True,1,forlindesk2
PHerc1667_1.13um,x264,video,crf,38,512,401215,0.0239143,334.528,33.7295,0.893388,4.05624,53,nan,nan,nan,21.1066,281.75,104614,78.9789,1,True,1,forlindesk2
PHerc1667_1.13um,x264,video,crf,32,512,814443,0.0485446,164.797,37.5704,0.942082,2.61348,38,nan,nan,nan,13.6541,156.02,212133,496.713,1,True,1,forlindesk2
PHerc1667_1.13um,x264,video,crf,26,512,1625615,0.0968942,82.5643,41.3949,0.97026,1.67367,24,nan,nan,nan,12.3962,146.941,423977,168.095,1,True,1,forlindesk2
PHerc1667_1.13um,x264,video,crf,20,512,3167426,0.188793,42.3744,44.7652,0.984104,1.11511,14,nan,nan,nan,11.2958,93.7899,823286,235.983,1,True,1,forlindesk2
PHerc1667_1.13um,x264,video,crf,14,512,6352815,0.378657,21.1273,47.8134,0.991323,0.755744,10,nan,nan,nan,8.89574,89.8246,1640621,302.324,1,True,1,forlindesk2
PHerc1667_1.13um,x264,video,crf,8,512,13765780,0.820504,9.7501,51.2195,0.995893,0.45062,6,nan,nan,nan,8.82296,79.8435,3528122,384.694,1,True,1,forlindesk2
PHerc1667_1.13um,x265,video,crf,44,512,85794,0.00511372,1564.42,30.6165,0.84098,5.81196,89,nan,nan,nan,10.259,352.17,22316,60.5393,1,True,1,forlindesk2
PHerc1667_1.13um,x265,video,crf,38,512,173431,0.0103373,773.897,34.4811,0.910888,3.72639,58,nan,nan,nan,18.0362,209.451,45338,91.255,1,True,1,forlindesk2
PHerc1667_1.13um,x265,video,crf,32,512,345351,0.0205845,388.641,38.1676,0.952339,2.42972,33,nan,nan,nan,15.0446,205.509,89971,87.0193,1,True,1,forlindesk2
PHerc1667_1.13um,x265,video,crf,26,512,690702,0.041169,194.321,41.7384,0.974469,1.60238,26,nan,nan,nan,15.9558,377.755,178913,116.392,1,True,1,forlindesk2
PHerc1667_1.13um,x265,video,crf,20,512,1341240,0.0799441,100.07,45.012,0.986139,1.07812,16,nan,nan,nan,11.6894,268.283,345746,137.494,1,True,1,forlindesk2
PHerc1667_1.13um,x265,video,crf,14,512,2632658,0.156919,50.9818,47.9043,0.992143,0.741115,11,nan,nan,nan,8.61252,228.839,674793,189.06,1,True,1,forlindesk2
PHerc1667_1.13um,x265,video,crf,8,512,5357971,0.31936,25.0501,50.3204,0.995192,0.518232,9,nan,nan,nan,5.65946,124.629,1358776,189.684,1,True,1,forlindesk2
PHerc1667_1.13um,svtav1,video,crf,63,512,94922,0.00565779,1413.98,32.9912,0.897738,4.33579,69,nan,nan,nan,11.8711,203.789,24581,191.652,1,True,1,forlindesk2
PHerc1667_1.13um,svtav1,video,crf,58,512,190084,0.0113299,706.097,36.258,0.936965,2.99388,45,nan,nan,nan,12.8017,205.824,49580,154.255,1,True,1,forlindesk2
PHerc1667_1.13um,svtav1,video,crf,48,512,341443,0.0203516,393.09,39.123,0.960256,2.16165,32,nan,nan,nan,18.9687,414.747,88701,59.4036,1,True,1,forlindesk2
PHerc1667_1.13um,svtav1,video,crf,38,512,577220,0.034405,232.524,41.9025,0.975479,1.56683,24,nan,nan,nan,15.4504,244.105,150148,103.083,1,True,1,forlindesk2
PHerc1667_1.13um,svtav1,video,crf,28,512,1018923,0.0607325,131.725,45.0014,0.98625,1.07911,15,nan,nan,nan,16.392,297.335,264096,117.406,1,True,1,forlindesk2
PHerc1667_1.13um,svtav1,video,crf,18,512,1579979,0.0941741,84.9491,47.0573,0.990859,0.829512,15,nan,nan,nan,15.3715,237.084,409667,133.52,1,True,1,forlindesk2
PHerc1667_1.13um,svtav1,video,crf,8,512,3165618,0.188686,42.3986,49.5705,0.994448,0.582921,14,nan,nan,nan,13.2667,192.601,814534,150.873,1,True,1,forlindesk2
PHerc1667_1.13um,aom,video,crf,58,512,167688,0.00999498,800.402,35.2511,0.926024,3.37009,54,nan,nan,nan,9.93883,236.873,43712,52.5268,1,True,1,forlindesk2
PHerc1667_1.13um,aom,video,crf,48,512,323664,0.0192919,414.682,38.4965,0.95548,2.33083,32,nan,nan,nan,8.08495,425.48,83992,39.0607,1,True,1,forlindesk2
PHerc1667_1.13um,aom,video,crf,38,512,565165,0.0336865,237.484,41.2783,0.972097,1.6928,22,nan,nan,nan,9.22427,247.826,147538,84.9338,1,True,1,forlindesk2
PHerc1667_1.13um,aom,video,crf,28,512,1009814,0.0601896,132.913,44.072,0.983237,1.21288,17,nan,nan,nan,5.6026,55.1457,262962,95.2947,1,True,1,forlindesk2
PHerc1667_1.13um,aom,video,crf,18,512,1654589,0.0986212,81.1185,46.341,0.989177,0.908534,16,nan,nan,nan,3.82947,161.133,428651,143.519,1,True,1,forlindesk2
PHerc1667_1.13um,aom,video,crf,8,512,3223660,0.192145,41.6352,49.1351,0.993853,0.613631,9,nan,nan,nan,3.47689,52.0123,826904,151.333,1,True,1,forlindesk2
PHerc1667_1.13um,x264-intra,video-intra,crf,40,512,649901,0.0387371,206.52,31.1254,0.81877,5.5219,83,nan,nan,nan,41.0019,113.736,160154,149.911,1,True,1,forlindesk2
PHerc1667_1.13um,x264-intra,video-intra,crf,32,512,1518695,0.0905213,88.377,36.0745,0.917921,3.12384,47,nan,nan,nan,43.8442,108.495,383971,178.46,1,True,1,forlindesk2
PHerc1667_1.13um,x264-intra,video-intra,crf,24,512,3354727,0.199957,40.0085,41.0444,0.966852,1.75198,28,nan,nan,nan,33.0796,123.809,847634,167.372,1,True,1,forlindesk2
PHerc1667_1.13um,x264-intra,video-intra,crf,16,512,6979916,0.416035,19.2291,45.5901,0.986702,1.0017,19,nan,nan,nan,15.9224,103.958,1751288,315.387,1,True,1,forlindesk2
PHerc1667_1.13um,x264-intra,video-intra,crf,8,512,14396617,0.858105,9.32287,49.919,0.994636,0.555683,8,nan,nan,nan,20.9749,59.3837,3630537,355.062,1,True,1,forlindesk2
PHerc1667_1.13um,x265-intra,video-intra,crf,40,512,1770358,0.105522,75.8139,32.2193,0.830888,4.87172,75,nan,nan,nan,6.31427,186.924,445975,281.938,1,True,1,forlindesk2
PHerc1667_1.13um,x265-intra,video-intra,crf,32,512,2484105,0.148064,54.0306,37.2338,0.929109,2.73887,43,nan,nan,nan,6.24154,240.442,629851,181.174,1,True,1,forlindesk2
PHerc1667_1.13um,x265-intra,video-intra,crf,24,512,3920043,0.233653,34.2388,42.3971,0.974156,1.49437,26,nan,nan,nan,4.48476,149.615,996745,155.406,1,True,1,forlindesk2
PHerc1667_1.13um,x265-intra,video-intra,crf,16,512,6537430,0.389661,20.5307,47.1288,0.990328,0.826949,15,nan,nan,nan,3.43166,99.0543,1664889,267.123,1,True,1,forlindesk2
PHerc1667_1.13um,x265-intra,video-intra,crf,8,512,11830643,0.705161,11.3449,51.122,0.995923,0.456384,7,nan,nan,nan,3.07488,74.5381,2992832,343.447,1,True,1,forlindesk2
PHerc1667_1.13um,svtav1-intra,video-intra,crf,63,512,400431,0.0238675,335.183,30.8547,0.80105,5.67868,77,nan,nan,nan,4.05539,171.667,103923,105.964,1,True,1,forlindesk2
PHerc1667_1.13um,svtav1-intra,video-intra,crf,53,512,1065040,0.0634813,126.021,36.4511,0.922442,2.98618,38,nan,nan,nan,4.86617,159.3,277241,109.889,1,True,1,forlindesk2
PHerc1667_1.13um,svtav1-intra,video-intra,crf,38,512,2402014,0.143171,55.8772,41.5392,0.97177,1.64717,26,nan,nan,nan,9.11864,237.912,622078,101.945,1,True,1,forlindesk2
PHerc1667_1.13um,svtav1-intra,video-intra,crf,23,512,4836364,0.28827,27.7518,46.0309,0.989148,0.951036,15,nan,nan,nan,9.19864,177.095,1252086,161.567,1,True,1,forlindesk2
PHerc1667_1.13um,svtav1-intra,video-intra,crf,8,512,10239081,0.610297,13.1084,50.976,0.995827,0.467405,8,nan,nan,nan,9.91735,163.42,2653445,228.54,1,True,1,forlindesk2
PHerc1667_1.13um,aom-intra,video-intra,crf,53,512,875045,0.0521567,153.384,34.6805,0.887112,3.67821,67,nan,nan,nan,11.6916,153.825,226977,51.6695,1,True,1,forlindesk2
PHerc1667_1.13um,aom-intra,video-intra,crf,38,512,1949074,0.116174,68.8623,40.2189,0.95941,1.93495,29,nan,nan,nan,6.86158,219.921,506042,110.402,1,True,1,forlindesk2
PHerc1667_1.13um,aom-intra,video-intra,crf,23,512,4033758,0.240431,33.2736,45.2886,0.985626,1.04485,18,nan,nan,nan,4.95609,170.843,1046422,143.475,1,True,1,forlindesk2
PHerc1667_1.13um,aom-intra,video-intra,crf,8,512,7979377,0.475608,16.8206,49.6996,0.994412,0.574047,11,nan,nan,nan,4.09623,123.497,2057416,161.286,1,True,1,forlindesk2
PHerc1667_1.13um,zfp-acc,3d,tolerance,256,512,7078464,0.421909,18.9614,38.102,0.934219,2.45482,30,nan,nan,nan,76.2485,44.334,114536,33.9487,1,True,1,forlindesk2
PHerc1667_1.13um,zfp-acc,3d,tolerance,128,512,8747232,0.521376,15.344,42.0418,0.970729,1.54032,18,nan,nan,nan,73.4028,48.7106,141832,11.1161,1,True,1,forlindesk2
PHerc1667_1.13um,zfp-acc,3d,tolerance,64,512,11441584,0.681972,11.7307,45.7686,0.986614,0.976003,13,nan,nan,nan,73.2398,44.2821,186920,25.6647,1,True,1,forlindesk2
PHerc1667_1.13um,zfp-acc,3d,tolerance,32,512,15928488,0.949412,8.42627,49.2735,0.993774,0.610558,8,nan,nan,nan,72.204,44.5318,259696,21.6767,1,True,1,forlindesk2
PHerc1667_1.13um,zfp-acc,3d,tolerance,16,512,28963232,1.72634,4.63407,52.2426,0.996771,0.370607,4,nan,nan,nan,55.9886,35.4903,464336,81.9712,1,True,1,forlindesk2
PHerc1667_1.13um,zfp-acc,3d,tolerance,8,512,46039712,2.74418,2.91526,56.9684,0.998901,0.129365,3,nan,nan,nan,45.6321,40.1087,731400,47.2079,1,True,1,forlindesk2
PHerc1667_1.13um,zfp-acc,3d,tolerance,4,512,62929320,3.75088,2.13283,67.3313,0.999899,0.0120213,1,nan,nan,nan,75.312,60.2057,995608,39.2273,1,True,1,forlindesk2
PHerc1667_1.13um,zfp-acc,3d,tolerance,2,512,79714496,4.75135,1.68373,97.031,1,1.28821e-05,1,nan,nan,nan,59.0001,34.2001,1258224,68.0212,1,True,1,forlindesk2
PHerc1667_1.13um,zfp-acc,3d,tolerance,1,512,96476344,5.75044,1.3912,inf,1,0,0,nan,nan,nan,46.9912,34.5656,1520456,57.8472,1,True,1,forlindesk2
PHerc1667_1.13um,zfp-acc,3d,tolerance,0.5,512,113233672,6.74925,1.18532,inf,1,0,0,nan,nan,nan,51.1895,38.8588,1782616,69.4016,1,True,1,forlindesk2
PHerc1667_1.13um,zfp-acc,3d,tolerance,0.25,512,129990024,7.74801,1.03252,inf,1,0,0,nan,nan,nan,50.4378,36.0814,2044768,45.8178,1,True,1,forlindesk2
PHerc1667_1.13um,zfp-rate,3d,bits/value,0.25,512,4195328,0.250061,31.9922,25.0892,0.656329,10.5901,122,nan,nan,nan,146.501,114.788,65552,11.8,1,True,1,forlindesk2
PHerc1667_1.13um,zfp-rate,3d,bits/value,0.5,512,8389632,0.500061,15.998,39.6615,0.958709,1.84601,62,nan,nan,nan,76.1199,40.076,131088,37.7317,1,True,1,forlindesk2
PHerc1667_1.13um,zfp-rate,3d,bits/value,1,512,16778240,1.00006,7.99951,49.1777,0.994231,0.584712,28,nan,nan,nan,60.4253,41.1319,262160,52.9705,1,True,1,forlindesk2
PHerc1667_1.13um,zfp-rate,3d,bits/value,1.5,512,25166848,1.50006,5.33312,51.8751,0.996596,0.392602,17,nan,nan,nan,77.8504,38.3138,393232,43.9179,1,True,1,forlindesk2
PHerc1667_1.13um,zfp-rate,3d,bits/value,2,512,33555456,2.00006,3.99988,53.5183,0.997694,0.279807,14,nan,nan,nan,48.0957,31.9984,524304,49.5542,1,True,1,forlindesk2
PHerc1667_1.13um,zfp-rate,3d,bits/value,3,512,50332672,3.00006,2.66661,58.5575,0.999301,0.0902969,8,nan,nan,nan,43.8049,36.1139,786448,80.3827,1,True,1,forlindesk2
PHerc1667_1.13um,zfp-rate,3d,bits/value,4,512,67109888,4.00006,1.99997,70.4307,0.999959,0.00587345,5,nan,nan,nan,43.3183,23.6174,1048592,44.6837,1,True,1,forlindesk2
PHerc1667_1.13um,sz3,3d,abs error,32,512,285026,0.0169889,470.896,28.4915,0.802209,7.6283,32,nan,nan,nan,23.1354,18.0988,3872,91.2969,1,True,1,forlindesk2
PHerc1667_1.13um,sz3,3d,abs error,16,512,645739,0.038489,207.851,33.3964,0.891542,4.38317,16,nan,nan,nan,17.379,14.1532,11703,94.3889,1,True,1,forlindesk2
PHerc1667_1.13um,sz3,3d,abs error,8,512,1302285,0.0776222,103.063,39.7475,0.960865,2.10262,8,nan,nan,nan,15.9173,15.7093,25050,90.1638,1,True,1,forlindesk2
PHerc1667_1.13um,sz3,3d,abs error,4,512,3079543,0.183555,43.5837,44.8046,0.984645,1.14225,4,nan,nan,nan,13.3382,12.433,54427,116.26,1,True,1,forlindesk2
PHerc1667_1.13um,sz3,3d,abs error,2,512,7393796,0.440705,18.1527,49.1174,0.993646,0.648575,2,nan,nan,nan,10.6065,14.8961,129303,126.869,1,True,1,forlindesk2
PHerc1667_1.13um,sz3,3d,abs error,1,512,17257076,1.0286,7.77755,51.6805,0.996319,0.441603,1,nan,nan,nan,15.7406,15.9908,274683,81.0852,1,True,1,forlindesk2
PHerc1667_1.13um,sz3,3d,abs error,0.5,512,29177912,1.73914,4.59998,93.9373,1,2.62633e-05,1,nan,nan,nan,12.185,12.8584,461894,101.564,1,True,1,forlindesk2
PHerc1667_1.13um,volcomp,volcomp,q,128,512,141917,0.00845891,945.748,31.4363,0.834743,5.1653,114,nan,nan,nan,36.4942,262.492,2187,1.02401,1,True,1,forlindesk2
PHerc1667_1.13um,volcomp,volcomp,q,64,512,225417,0.0134359,595.42,34.0734,0.889573,3.82022,87,nan,nan,nan,21.8311,323.567,3536,3.57275,1,True,1,forlindesk2
PHerc1667_1.13um,volcomp,volcomp,q,32,512,371300,0.0221312,361.481,36.8729,0.930925,2.7744,67,nan,nan,nan,24.9624,81.1141,5942,3.73943,1,True,1,forlindesk2
PHerc1667_1.13um,volcomp,volcomp,q,16,512,616878,0.0367688,217.576,39.7844,0.959258,1.98505,41,nan,nan,nan,50.5604,398.222,9959,0.835241,1,True,1,forlindesk2
PHerc1667_1.13um,volcomp,volcomp,q,8,512,1018810,0.0607258,131.74,42.7464,0.976937,1.40307,29,nan,nan,nan,16.2416,81.2471,16539,3.16047,1,True,1,forlindesk2
PHerc1667_1.13um,volcomp,volcomp,q,4,512,1642834,0.0979205,81.6989,45.6457,0.987096,0.986663,27,nan,nan,nan,38.5315,201.058,26667,3.4003,1,True,1,forlindesk2
PHerc1667_1.13um,volcomp,volcomp,q,2,512,2581482,0.153868,51.9925,48.3369,0.992591,0.694992,21,nan,nan,nan,33.7013,222.464,41847,3.75501,1,True,1,forlindesk2
PHerc1667_1.13um,volcomp,volcomp,q,1,512,4054180,0.241648,33.106,50.6874,0.995496,0.490569,17,nan,nan,nan,29.3281,218.182,65540,6.38083,1,True,1,forlindesk2
PHerc1667_1.13um,volcomp-smooth,volcomp,q,128,512,141917,0.00845891,945.748,32.3152,0.867711,4.71774,105,nan,nan,nan,44.6867,36.4965,2187,40.8137,1,True,1,forlindesk2
PHerc1667_1.13um,volcomp-smooth,volcomp,q,64,512,225417,0.0134359,595.42,35.0161,0.913185,3.47294,70,nan,nan,nan,56.4978,46.8737,3536,43.0842,1,True,1,forlindesk2
PHerc1667_1.13um,volcomp-smooth,volcomp,q,32,512,371300,0.0221312,361.481,37.8483,0.945976,2.51614,45,nan,nan,nan,45.7576,20.5534,5942,22.7386,1,True,1,forlindesk2
PHerc1667_1.13um,volcomp-smooth,volcomp,q,16,512,616878,0.0367688,217.576,40.7215,0.96767,1.80629,25,nan,nan,nan,39.2387,40.3769,9959,28.2896,1,True,1,forlindesk2
PHerc1667_1.13um,volcomp-smooth,volcomp,q,8,512,1018810,0.0607258,131.74,43.5233,0.98094,1.29497,23,nan,nan,nan,24.7857,40.3737,16539,23.7143,1,True,1,forlindesk2
PHerc1667_1.13um,volcomp-smooth,volcomp,q,4,512,1642834,0.0979205,81.6989,46.0453,0.988456,0.944276,27,nan,nan,nan,21.8714,31.5157,26667,26.0512,1,True,1,forlindesk2
PHerc1667_1.13um,volcomp-smooth,volcomp,q,2,512,2581482,0.153868,51.9925,48.3369,0.992591,0.694992,21,nan,nan,nan,23.6624,196.315,41847,5.7874,1,True,1,forlindesk2
PHerc1667_1.13um,volcomp-smooth,volcomp,q,1,512,4054180,0.241648,33.106,50.6874,0.995496,0.490569,17,nan,nan,nan,32.0387,169.368,65540,8.70745,1,True,1,forlindesk2
PHercParis4_2.40um,zstd19,lossless,level,19,512,89528855,5.33634,1.49916,inf,1,0,0,nan,nan,nan,1.03292,84.1654,1374996,4.79175,1,True,1,forlindesk2
PHercParis4_2.40um,blosc-zstd5,lossless,clevel,5,512,100449012,5.98723,1.33618,inf,1,0,0,nan,nan,nan,36.6043,218.405,1533810,1.91721,1,True,1,forlindesk2
PHercParis4_2.40um,lz4,lossless,level,0,512,134644521,8.02544,0.99683,inf,1,0,0,nan,nan,nan,1509.26,2611.86,2101552,1.45133,1,True,1,forlindesk2
PHercParis4_2.40um,jpeg,2d,quality,2,512,1009514,0.0601717,132.953,23.9061,0.528641,12.8684,140,nan,nan,nan,121.504,694.302,250178,25.1168,128,True,1,forlindesk2
PHercParis4_2.40um,jpeg,2d,quality,5,512,1999041,0.119152,67.1411,27.1583,0.721595,8.84546,91,nan,nan,nan,114.15,406.736,492766,39.4549,128,True,1,forlindesk2
PHercParis4_2.40um,jpeg,2d,quality,10,512,4041049,0.240865,33.2136,31.1389,0.866518,5.56101,60,nan,nan,nan,141.846,546.566,999828,50.5908,128,True,1,forlindesk2
PHercParis4_2.40um,jpeg,2d,quality,25,512,8051987,0.479936,16.6689,36.2658,0.954449,3.06966,42,nan,nan,nan,129.685,454.306,2000292,61.3909,128,True,1,forlindesk2
PHercParis4_2.40um,jpeg,2d,quality,50,512,12354338,0.736376,10.864,39.8892,0.979571,2.013,28,nan,nan,nan,117.371,417.119,3072374,75.1681,128,True,1,forlindesk2
PHercParis4_2.40um,jpeg,2d,quality,70,512,16512813,0.98424,8.1281,42.4361,0.988432,1.49061,19,nan,nan,nan,109.701,379.831,4110667,79.5833,128,True,1,forlindesk2
PHercParis4_2.40um,jpeg,2d,quality,85,512,23097443,1.37671,5.81093,45.4851,0.994206,1.02688,16,nan,nan,nan,101.132,333.918,5752512,89.0966,128,True,1,forlindesk2
PHercParis4_2.40um,jpeg,2d,quality,95,512,37539558,2.23753,3.57537,49.5191,0.997658,0.595456,8,nan,nan,nan,88.8571,263.206,9353405,104.434,128,True,1,forlindesk2
PHercParis4_2.40um,jpeg2000,2d,target PSNR,28,512,968786,0.0577441,138.542,27.1567,0.713489,8.76082,118,nan,nan,nan,19.0254,182.046,238732,139.916,128,True,1,forlindesk2
PHercParis4_2.40um,jpeg2000,2d,target PSNR,31,512,1701708,0.10143,78.8724,29.8484,0.825892,6.44922,89,nan,nan,nan,18.981,161.698,421789,168.649,128,True,1,forlindesk2
PHercParis4_2.40um,jpeg2000,2d,target PSNR,34,512,3003200,0.179005,44.6916,33.0583,0.908616,4.45898,57,nan,nan,nan,18.887,131.418,745132,215.493,128,True,1,forlindesk2
PHercParis4_2.40um,jpeg2000,2d,target PSNR,37,512,4992720,0.297589,26.8827,36.3666,0.954305,3.06216,47,nan,nan,nan,18.7209,103.89,1243628,284.756,128,True,1,forlindesk2
PHercParis4_2.40um,jpeg2000,2d,target PSNR,40,512,7299493,0.435084,18.3873,39.3566,0.976529,2.14464,46,nan,nan,nan,21.809,98.9277,1818512,312.285,128,True,1,forlindesk2
PHercParis4_2.40um,jpeg2000,2d,target PSNR,43,512,10152111,0.605113,13.2207,42.1784,0.987699,1.53238,23,nan,nan,nan,21.3212,76.7699,2526863,495.699,128,True,1,forlindesk2
PHercParis4_2.40um,jpeg2000,2d,target PSNR,46,512,14741087,0.878637,9.10501,45.0697,0.993584,1.07498,14,nan,nan,nan,21.3295,57.3787,3665002,658.044,128,True,1,forlindesk2
PHercParis4_2.40um,jpegxl,2d,distance,25,512,1755936,0.104662,76.4366,29.1295,0.791584,6.97511,91,nan,nan,nan,2.3822,49.6572,436319,653.953,128,True,1,forlindesk2
PHercParis4_2.40um,jpegxl,2d,distance,18,512,2220495,0.132352,60.445,30.5692,0.843621,5.92404,77,nan,nan,nan,2.35856,38.0377,553477,767.276,128,True,1,forlindesk2
PHercParis4_2.40um,jpegxl,2d,distance,12,512,3054006,0.182033,43.9481,32.4861,0.897258,4.75316,56,nan,nan,nan,2.56145,14.0393,762444,494.652,128,True,1,forlindesk2
PHercParis4_2.40um,jpegxl,2d,distance,8,512,4008560,0.238929,33.4828,35.3099,0.942448,3.44292,42,nan,nan,nan,1.82583,25.8529,996758,535.433,128,True,1,forlindesk2
PHercParis4_2.40um,jpegxl,2d,distance,5,512,5849896,0.348681,22.9436,38.4396,0.971241,2.39851,32,nan,nan,nan,2.11813,7.81912,1459934,411.144,128,True,1,forlindesk2
PHercParis4_2.40um,jpegxl,2d,distance,3,512,8327805,0.496376,16.1168,41.4954,0.985571,1.67355,25,nan,nan,nan,1.5405,7.29075,2079972,338.35,128,True,1,forlindesk2
PHercParis4_2.40um,jpegxl,2d,distance,2,512,10807604,0.644183,12.4188,43.8749,0.991487,1.25723,18,nan,nan,nan,1.58585,54.6088,2698285,306.647,128,True,1,forlindesk2
PHercParis4_2.40um,jpegxl,2d,distance,1,512,17068749,1.01738,7.86336,46.8808,0.995784,0.856046,12,nan,nan,nan,2.27259,26.9063,4258502,640.948,128,True,1,forlindesk2
PHercParis4_2.40um,jpegxl,2d,distance,0.5,512,29329639,1.74818,4.57618,49.4964,0.997683,0.596758,7,nan,nan,nan,2.67463,53.6112,7314740,333.139,128,True,1,forlindesk2
PHercParis4_2.40um,webp,2d,quality,0,512,1557578,0.0928389,86.1708,27.9478,0.747122,8.08814,110,nan,nan,nan,14.9388,191.939,385030,102.327,128,True,1,forlindesk2
PHercParis4_2.40um,webp,2d,quality,5,512,3453252,0.20583,38.8671,31.332,0.866954,5.48296,73,nan,nan,nan,19.7891,246.313,855232,139.934,128,True,1,forlindesk2
PHercParis4_2.40um,webp,2d,quality,20,512,5280732,0.314756,25.4165,34.1048,0.925639,3.96966,51,nan,nan,nan,19.4772,204.672,1313996,167.121,128,True,1,forlindesk2
PHercParis4_2.40um,webp,2d,quality,40,512,7205882,0.429504,18.6261,36.1792,0.953921,3.10097,37,nan,nan,nan,16.0369,168.137,1793522,169.772,128,True,1,forlindesk2
PHercParis4_2.40um,webp,2d,quality,60,512,9065882,0.540369,14.8047,37.6935,0.967401,2.5957,33,nan,nan,nan,15.2885,145.627,2258814,194.17,128,True,1,forlindesk2
PHercParis4_2.40um,webp,2d,quality,80,512,12705918,0.757332,10.5634,40.156,0.981147,1.94789,20,nan,nan,nan,14.2659,119.465,3172524,233.113,128,True,1,forlindesk2
PHercParis4_2.40um,webp,2d,quality,95,512,27802072,1.65713,4.82762,46.7768,0.995739,0.858678,7,nan,nan,nan,11.7106,77.6371,6959916,357.22,128,True,1,forlindesk2
PHercParis4_2.40um,avif,2d,quality,0,512,1373640,0.0818753,97.7095,28.8466,0.782561,7.25716,104,nan,nan,nan,3.03933,67.3941,342055,144.511,128,True,1,forlindesk2
PHercParis4_2.40um,avif,2d,quality,5,512,1533056,0.0913773,87.5491,29.4531,0.806599,6.77121,96,nan,nan,nan,4.29452,99.7105,381966,182.336,128,True,1,forlindesk2
PHercParis4_2.40um,avif,2d,quality,10,512,1909233,0.113799,70.2993,30.7234,0.849699,5.85662,77,nan,nan,nan,2.33838,67.8248,476041,176.133,128,True,1,forlindesk2
PHercParis4_2.40um,avif,2d,quality,25,512,2952488,0.175982,45.4592,33.4195,0.914626,4.29876,60,nan,nan,nan,2.31505,127.634,737525,204.7,128,True,1,forlindesk2
PHercParis4_2.40um,avif,2d,quality,40,512,4939299,0.294405,27.1734,36.9395,0.9606,2.86139,40,nan,nan,nan,2.37113,97.2774,1234321,188.548,128,True,1,forlindesk2
PHercParis4_2.40um,avif,2d,quality,55,512,7761377,0.462614,17.293,40.3407,0.981587,1.91521,29,nan,nan,nan,2.12068,29.499,1940807,264.563,128,True,1,forlindesk2
PHercParis4_2.40um,avif,2d,quality,70,512,11757150,0.700781,11.4158,43.8267,0.991468,1.26228,20,nan,nan,nan,1.58275,126.874,2935816,325.213,128,True,1,forlindesk2
PHercParis4_2.40um,avif,2d,quality,85,512,16831036,1.00321,7.97442,46.8541,0.995696,0.861778,14,nan,nan,nan,1.34495,96.3456,4201304,497.751,128,True,1,forlindesk2
PHercParis4_2.40um,avif,2d,quality,95,512,31583324,1.88251,4.24964,50.4792,0.99824,0.510852,7,nan,nan,nan,0.707681,19.804,7881615,593.043,128,True,1,forlindesk2
PHercParis4_2.40um,x264,video,crf,44,512,363169,0.0216466,369.574,25.5155,0.613603,10.6038,129,nan,nan,nan,42.3939,409.074,88572,78.9702,1,True,1,forlindesk2
PHercParis4_2.40um,x264,video,crf,38,512,989503,0.058979,135.642,29.252,0.798142,6.89447,85,nan,nan,nan,28.942,304.766,244390,93.521,1,True,1,forlindesk2
PHercParis4_2.40um,x264,video,crf,32,512,2372577,0.141417,56.5704,33.2912,0.911791,4.33559,48,nan,nan,nan,21.005,225.992,588570,113.152,1,True,1,forlindesk2
PHercParis4_2.40um,x264,video,crf,26,512,5023376,0.299417,26.7186,37.403,0.963959,2.69814,30,nan,nan,nan,16.3424,144.134,1247242,215.787,1,True,1,forlindesk2
PHercParis4_2.40um,x264,video,crf,20,512,9686622,0.577368,13.856,41.4882,0.985327,1.67258,16,nan,nan,nan,14.405,106.196,2405850,274.04,1,True,1,forlindesk2
PHercParis4_2.40um,x264,video,crf,14,512,17055387,1.01658,7.86952,45.6681,0.994252,1.00455,10,nan,nan,nan,12.6456,72.62,4233138,399.741,1,True,1,forlindesk2
PHercParis4_2.40um,x264,video,crf,8,512,29966601,1.78615,4.47891,50.2098,0.997956,0.533851,5,nan,nan,nan,10.7806,49.1897,7432461,646.266,1,True,1,forlindesk2
PHercParis4_2.40um,x265,video,crf,44,512,170572,0.0101669,786.868,26.1176,0.661554,9.91065,125,nan,nan,nan,13.2165,171.915,42744,57.7033,1,True,1,forlindesk2
PHercParis4_2.40um,x265,video,crf,38,512,474493,0.028282,282.866,29.6009,0.816586,6.64845,73,nan,nan,nan,12.9844,150.024,119454,144.46,1,True,1,forlindesk2
PHercParis4_2.40um,x265,video,crf,32,512,1129898,0.0673472,118.787,33.1785,0.911246,4.40481,50,nan,nan,nan,10.3357,201.679,284560,215.473,1,True,1,forlindesk2
PHercParis4_2.40um,x265,video,crf,26,512,2373049,0.141445,56.5592,36.8445,0.95954,2.87922,34,nan,nan,nan,6.54538,105.305,595107,502.364,1,True,1,forlindesk2
PHercParis4_2.40um,x265,video,crf,20,512,4656852,0.27757,28.8216,40.6767,0.982594,1.83671,24,nan,nan,nan,4.3967,115.151,1166864,260.899,1,True,1,forlindesk2
PHercParis4_2.40um,x265,video,crf,14,512,8510050,0.507239,15.7717,44.4483,0.992535,1.16399,15,nan,nan,nan,3.46749,78.7766,2130630,350.086,1,True,1,forlindesk2
PHercParis4_2.40um,x265,video,crf,8,512,15069199,0.898194,8.90676,48.0093,0.996656,0.731469,9,nan,nan,nan,2.96139,36.5227,3772871,457.112,1,True,1,forlindesk2
PHercParis4_2.40um,svtav1,video,crf,63,512,191358,0.0114058,701.396,27.1163,0.711997,8.79103,110,nan,nan,nan,15.2628,125.723,46916,92.2122,1,True,1,forlindesk2
PHercParis4_2.40um,svtav1,video,crf,58,512,484414,0.0288733,277.072,30.2295,0.83863,6.17045,68,nan,nan,nan,12.1323,246.638,119723,112.292,1,True,1,forlindesk2
PHercParis4_2.40um,svtav1,video,crf,48,512,1056768,0.0629883,127.008,33.618,0.918989,4.18484,62,nan,nan,nan,12.1711,173.277,263396,122.545,1,True,1,forlindesk2
PHercParis4_2.40um,svtav1,video,crf,38,512,1987948,0.118491,67.5157,36.9377,0.960385,2.84633,34,nan,nan,nan,11.5305,219.4,491789,144.284,1,True,1,forlindesk2
PHercParis4_2.40um,svtav1,video,crf,28,512,3798761,0.226424,35.332,40.6264,0.982367,1.84667,25,nan,nan,nan,12.1936,231.56,944987,201.536,1,True,1,forlindesk2
PHercParis4_2.40um,svtav1,video,crf,18,512,6242789,0.372099,21.4996,43.739,0.991253,1.27249,22,nan,nan,nan,12.0035,159.484,1556699,261.82,1,True,1,forlindesk2
PHercParis4_2.40um,svtav1,video,crf,8,512,11078970,0.660358,12.1146,46.4876,0.995284,0.887431,15,nan,nan,nan,6.58257,133.794,2735413,294.245,1,True,1,forlindesk2
PHercParis4_2.40um,aom,video,crf,58,512,405439,0.024166,331.043,29.2763,0.800841,6.87358,81,nan,nan,nan,5.95453,224.029,99448,379.427,1,True,1,forlindesk2
PHercParis4_2.40um,aom,video,crf,48,512,936962,0.0558473,143.248,32.7588,0.900836,4.62025,53,nan,nan,nan,4.45993,241.991,230405,115.036,1,True,1,forlindesk2
PHercParis4_2.40um,aom,video,crf,38,512,1819976,0.108479,73.747,36.0437,0.951279,3.16458,33,nan,nan,nan,3.66117,71.0469,447732,331.437,1,True,1,forlindesk2
PHercParis4_2.40um,aom,video,crf,28,512,3412688,0.203412,39.329,39.4321,0.976827,2.12506,27,nan,nan,nan,2.4863,32.1914,841313,196.55,1,True,1,forlindesk2
PHercParis4_2.40um,aom,video,crf,18,512,5834071,0.347738,23.0058,42.4655,0.988071,1.47877,19,nan,nan,nan,2.45105,78.566,1441690,257.685,1,True,1,forlindesk2
PHercParis4_2.40um,aom,video,crf,8,512,11304278,0.673787,11.8732,46.5939,0.995365,0.887464,12,nan,nan,nan,2.00171,77.3105,2803417,364.14,1,True,1,forlindesk2
PHercParis4_2.40um,x264-intra,video-intra,crf,40,512,807184,0.0481119,166.279,25.9469,0.627957,10.1139,124,nan,nan,nan,44.827,121.252,198451,295.093,1,True,1,forlindesk2
PHercParis4_2.40um,x264-intra,video-intra,crf,32,512,2339941,0.139471,57.3594,30.6822,0.844995,5.88685,60,nan,nan,nan,65.8068,266.118,582123,145.362,1,True,1,forlindesk2
PHercParis4_2.40um,x264-intra,video-intra,crf,24,512,5897766,0.351534,22.7574,35.931,0.949371,3.20945,37,nan,nan,nan,45.147,185.943,1467778,156.843,1,True,1,forlindesk2
PHercParis4_2.40um,x264-intra,video-intra,crf,16,512,12707183,0.757407,10.5624,41.2006,0.984628,1.72719,17,nan,nan,nan,30.0464,87.0135,3164905,373.943,1,True,1,forlindesk2
PHercParis4_2.40um,x264-intra,video-intra,crf,8,512,24501081,1.46038,5.47803,46.5269,0.995325,0.898904,15,nan,nan,nan,24.8134,69.1422,6101273,538.742,1,True,1,forlindesk2
PHercParis4_2.40um,x265-intra,video-intra,crf,40,512,1924602,0.114715,69.7379,26.5829,0.666989,9.40871,98,nan,nan,nan,5.50675,134.118,478750,151.051,1,True,1,forlindesk2
PHercParis4_2.40um,x265-intra,video-intra,crf,32,512,3283315,0.195701,40.8787,31.5078,0.870378,5.35374,70,nan,nan,nan,4.63717,183.752,816040,267.673,1,True,1,forlindesk2
PHercParis4_2.40um,x265-intra,video-intra,crf,24,512,6022556,0.358972,22.2858,36.922,0.959594,2.86371,33,nan,nan,nan,3.31809,130.965,1497105,194.041,1,True,1,forlindesk2
PHercParis4_2.40um,x265-intra,video-intra,crf,16,512,10935074,0.651781,12.2741,42.4855,0.988365,1.48594,19,nan,nan,nan,2.85561,73.2289,2720433,277.737,1,True,1,forlindesk2
PHercParis4_2.40um,x265-intra,video-intra,crf,8,512,19489741,1.16168,6.88658,47.6708,0.996407,0.771307,9,nan,nan,nan,1.90291,53.0652,4847710,506.991,1,True,1,forlindesk2
PHercParis4_2.40um,svtav1-intra,video-intra,crf,63,512,708475,0.0422284,189.446,26.6422,0.668078,9.33593,99,nan,nan,nan,4.13443,87.9831,174796,148.277,1,True,1,forlindesk2
PHercParis4_2.40um,svtav1-intra,video-intra,crf,53,512,2342283,0.139611,57.3021,32.0871,0.887103,5.01307,54,nan,nan,nan,3.3614,102.209,582288,129.422,1,True,1,forlindesk2
PHercParis4_2.40um,svtav1-intra,video-intra,crf,38,512,5449995,0.324845,24.6271,37.5753,0.966168,2.66074,32,nan,nan,nan,5.64081,150.325,1357850,127.874,1,True,1,forlindesk2
PHercParis4_2.40um,svtav1-intra,video-intra,crf,23,512,10781699,0.642639,12.4487,44.0361,0.991804,1.23141,21,nan,nan,nan,7.51374,125.265,2692154,270.143,1,True,1,forlindesk2
PHercParis4_2.40um,svtav1-intra,video-intra,crf,8,512,22229779,1.325,6.03774,49.2099,0.997482,0.622801,11,nan,nan,nan,5.54056,68.7108,5534977,387.177,1,True,1,forlindesk2
PHercParis4_2.40um,aom-intra,video-intra,crf,53,512,1757366,0.104747,76.3744,30.6122,0.845636,5.95005,75,nan,nan,nan,5.46069,285.592,436459,95.462,1,True,1,forlindesk2
PHercParis4_2.40um,aom-intra,video-intra,crf,38,512,4357080,0.259702,30.8045,36.4504,0.955539,3.02417,42,nan,nan,nan,3.90081,298.578,1083864,138.149,1,True,1,forlindesk2
PHercParis4_2.40um,aom-intra,video-intra,crf,23,512,9054289,0.539678,14.8237,42.1146,0.987393,1.55255,20,nan,nan,nan,3.28625,130.469,2256204,204.63,1,True,1,forlindesk2
PHercParis4_2.40um,aom-intra,video-intra,crf,8,512,17386872,1.03634,7.71949,47.4205,0.996189,0.799691,10,nan,nan,nan,2.09637,87.0818,4332649,401.269,1,True,1,forlindesk2
PHercParis4_2.40um,zfp-acc,3d,tolerance,256,512,10358536,0.617417,12.9572,33.8072,0.92439,4.04426,42,nan,nan,nan,90.5252,62.462,157320,34.1289,1,True,1,forlindesk2
PHercParis4_2.40um,zfp-acc,3d,tolerance,128,512,15011376,0.894748,8.94107,37.85,0.967527,2.54727,23,nan,nan,nan,69.0257,62.6767,227776,20.9305,1,True,1,forlindesk2
PHercParis4_2.40um,zfp-acc,3d,tolerance,64,512,22429512,1.3369,5.98398,42.1215,0.98737,1.54673,14,nan,nan,nan,82.81,53.1947,340480,21.9957,1,True,1,forlindesk2
PHercParis4_2.40um,zfp-acc,3d,tolerance,32,512,33955936,2.02393,3.9527,46.4525,0.995218,0.90411,7,nan,nan,nan,76.1284,55.0067,516696,22.82,1,True,1,forlindesk2
PHercParis4_2.40um,zfp-acc,3d,tolerance,16,512,49733168,2.96433,2.69876,50.9068,0.998266,0.464377,4,nan,nan,nan,68.2429,47.1753,761392,41.3413,1,True,1,forlindesk2
PHercParis4_2.40um,zfp-acc,3d,tolerance,8,512,66660000,3.97325,2.01347,56.7561,0.999547,0.135124,2,nan,nan,nan,69.918,71.3051,1025624,31.3865,1,True,1,forlindesk2
PHercParis4_2.40um,zfp-acc,3d,tolerance,4,512,83520000,4.97818,1.60701,67.3178,0.99996,0.0120587,1,nan,nan,nan,83.0476,68.3849,1288688,31.8431,1,True,1,forlindesk2
PHercParis4_2.40um,zfp-acc,3d,tolerance,2,512,100310408,5.97897,1.33802,97.0109,1,1.29417e-05,1,nan,nan,nan,64.2109,45.7105,1550648,40.0848,1,True,1,forlindesk2
PHercParis4_2.40um,zfp-acc,3d,tolerance,1,512,117084688,6.97879,1.14633,inf,1,0,0,nan,nan,nan,63.5886,45.1228,1812344,52.4114,1,True,1,forlindesk2
PHercParis4_2.40um,zfp-acc,3d,tolerance,0.5,512,133855720,7.97842,1.0027,inf,1,0,0,nan,nan,nan,53.5704,69.9828,2073992,37.8016,1,True,1,forlindesk2
PHercParis4_2.40um,zfp-acc,3d,tolerance,0.25,512,150626016,8.97801,0.891066,inf,1,0,0,nan,nan,nan,76.4164,57.0084,2335624,28.8685,1,True,1,forlindesk2
PHercParis4_2.40um,zfp-rate,3d,bits/value,0.25,512,4195328,0.250061,31.9922,21.8813,0.46614,15.9533,255,nan,nan,nan,98.7978,64.8885,65552,31.6119,1,True,1,forlindesk2
PHercParis4_2.40um,zfp-rate,3d,bits/value,0.5,512,8389632,0.500061,15.998,30.5105,0.867514,5.54428,116,nan,nan,nan,150.988,76.2041,131088,23.3877,1,True,1,forlindesk2
PHercParis4_2.40um,zfp-rate,3d,bits/value,1,512,16778240,1.00006,7.99951,38.3829,0.974613,2.27969,47,nan,nan,nan,96.7749,57.701,262160,34.4917,1,True,1,forlindesk2
PHercParis4_2.40um,zfp-rate,3d,bits/value,1.5,512,25166848,1.50006,5.33312,43.1184,0.990867,1.32289,33,nan,nan,nan,85.9129,54.3752,393232,37.4299,1,True,1,forlindesk2
PHercParis4_2.40um,zfp-rate,3d,bits/value,2,512,33555456,2.00006,3.99988,46.2965,0.99541,0.902768,31,nan,nan,nan,81.1979,50.4534,524304,37.0333,1,True,1,forlindesk2
PHercParis4_2.40um,zfp-rate,3d,bits/value,3,512,50332672,3.00006,2.66661,51.081,0.998421,0.449342,23,nan,nan,nan,93.0724,79.8259,786448,31.1838,1,True,1,forlindesk2
PHercParis4_2.40um,zfp-rate,3d,bits/value,4,512,67109888,4.00006,1.99997,56.4524,0.999562,0.145888,12,nan,nan,nan,54.7052,40.4954,1048592,44.6419,1,True,1,forlindesk2
PHercParis4_2.40um,sz3,3d,abs error,32,512,994575,0.0592813,134.95,27.9646,0.75921,8.25642,32,nan,nan,nan,30.603,26.2313,13166,96.0937,1,True,1,forlindesk2
PHercParis4_2.40um,sz3,3d,abs error,16,512,2659895,0.158542,50.4598,32.9118,0.906789,4.68007,16,nan,nan,nan,28.9265,32.9665,40053,71.7095,1,True,1,forlindesk2
PHercParis4_2.40um,sz3,3d,abs error,8,512,5925841,0.353208,22.6496,38.0914,0.969275,2.56591,8,nan,nan,nan,25.0425,22.9303,95078,82.3,1,True,1,forlindesk2
PHercParis4_2.40um,sz3,3d,abs error,4,512,13832209,0.824464,9.70328,41.7636,0.98618,1.71,4,nan,nan,nan,28.6666,24.7924,211853,80.9513,1,True,1,forlindesk2
PHercParis4_2.40um,sz3,3d,abs error,2,512,23997195,1.43034,5.59306,46.5203,0.995258,0.974326,2,nan,nan,nan,29.145,26.214,366821,65.0361,1,True,1,forlindesk2
PHercParis4_2.40um,sz3,3d,abs error,1,512,37955623,2.26233,3.53618,51.1448,0.998352,0.499572,1,nan,nan,nan,30.7853,25.7395,583279,80.8818,1,True,1,forlindesk2
PHercParis4_2.40um,sz3,3d,abs error,0.5,512,54315419,3.23745,2.47108,93.7812,1,2.72244e-05,1,nan,nan,nan,25.0503,20.489,829978,101.021,1,True,1,forlindesk2
PHercParis4_2.40um,volcomp,volcomp,q,128,512,206758,0.0123237,649.154,25.2362,0.579941,10.8902,182,nan,nan,nan,39.2912,191.432,2901,0.564694,1,True,1,forlindesk2
PHercParis4_2.40um,volcomp,volcomp,q,64,512,420964,0.0250914,318.834,27.5588,0.718185,8.35502,145,nan,nan,nan,50.8642,320.504,6054,0.791861,1,True,1,forlindesk2
PHercParis4_2.40um,volcomp,volcomp,q,32,512,821288,0.0489526,163.423,30.2776,0.833562,6.11696,92,nan,nan,nan,64.8436,520.43,12048,1.03179,1,True,1,forlindesk2
PHercParis4_2.40um,volcomp,volcomp,q,16,512,1489585,0.0887862,90.1041,33.3052,0.911391,4.31863,60,nan,nan,nan,52.4797,289.017,22163,4.10715,1,True,1,forlindesk2
PHercParis4_2.40um,volcomp,volcomp,q,8,512,2564098,0.152832,52.345,36.5502,0.956237,2.97007,41,nan,nan,nan,52.9412,390.712,38504,2.78744,1,True,1,forlindesk2
PHercParis4_2.40um,volcomp,volcomp,q,4,512,4236382,0.252508,31.6822,39.9035,0.979207,2.0111,26,nan,nan,nan,47.3935,335.521,63843,2.97408,1,True,1,forlindesk2
PHercParis4_2.40um,volcomp,volcomp,q,2,512,6816599,0.406301,19.6898,43.2693,0.990225,1.34879,20,nan,nan,nan,51.9143,299.898,103142,5.01007,1,True,1,forlindesk2
PHercParis4_2.40um,volcomp,volcomp,q,1,512,10735658,0.639895,12.502,46.549,0.995327,0.896661,16,nan,nan,nan,50.6194,257.761,162946,9.02304,1,True,1,forlindesk2
PHercParis4_2.40um,volcomp-smooth,volcomp,q,128,512,206758,0.0123237,649.154,25.7064,0.607711,10.3684,154,nan,nan,nan,37.0976,58.2878,2901,21.3824,1,True,1,forlindesk2
PHercParis4_2.40um,volcomp-smooth,volcomp,q,64,512,420964,0.0250914,318.834,28.1474,0.743966,7.85717,123,nan,nan,nan,41.7911,49.0415,6054,19.8051,1,True,1,forlindesk2
PHercParis4_2.40um,volcomp-smooth,volcomp,q,32,512,821288,0.0489526,163.423,30.9458,0.852682,5.70551,95,nan,nan,nan,50.0654,55.0702,12048,17.8516,1,True,1,forlindesk2
PHercParis4_2.40um,volcomp-smooth,volcomp,q,16,512,1489585,0.0887862,90.1041,33.9707,0.922567,4.02853,48,nan,nan,nan,47.1087,40.5335,22163,28.2187,1,True,1,forlindesk2
PHercParis4_2.40um,volcomp-smooth,volcomp,q,8,512,2564098,0.152832,52.345,37.0437,0.960983,2.81841,39,nan,nan,nan,54.3639,66.9001,38504,20.2616,1,True,1,forlindesk2
PHercParis4_2.40um,volcomp-smooth,volcomp,q,4,512,4236382,0.252508,31.6822,40.0255,0.979906,1.9854,26,nan,nan,nan,47.3399,46.8999,63843,24.0559,1,True,1,forlindesk2
PHercParis4_2.40um,volcomp-smooth,volcomp,q,2,512,6816599,0.406301,19.6898,43.2693,0.990225,1.34879,20,nan,nan,nan,59.5327,214.876,103142,3.67307,1,True,1,forlindesk2
PHercParis4_2.40um,volcomp-smooth,volcomp,q,1,512,10735658,0.639895,12.502,46.549,0.995327,0.896661,16,nan,nan,nan,45.8137,193.897,162946,5.48425,1,True,1,forlindesk2
PHerc0191_9.36um,zstd19,lossless,level,19,512,104220593,6.21203,1.28782,inf,1,0,0,nan,nan,nan,2.25182,147.748,1559150,3.88299,1,True,1,forlindesk2
PHerc0191_9.36um,blosc-zstd5,lossless,clevel,5,512,112123258,6.68307,1.19706,inf,1,0,0,nan,nan,nan,17.8569,127.814,1689456,3.95764,1,True,1,forlindesk2
PHerc0191_9.36um,lz4,lossless,level,0,512,134666159,8.02673,0.99667,inf,1,0,0,nan,nan,nan,144.059,167.611,2105376,6.72149,1,True,1,forlindesk2
PHerc0191_9.36um,jpeg,2d,quality,2,512,1290578,0.0769244,103.998,21.8513,0.496666,16.0888,214,nan,nan,nan,138.308,534.307,304767,49.0708,128,True,1,forlindesk2
PHerc0191_9.36um,jpeg,2d,quality,5,512,3054741,0.182077,43.9375,24.957,0.727798,11.2838,152,nan,nan,nan,142.304,426.374,727878,52.2279,128,True,1,forlindesk2
PHerc0191_9.36um,jpeg,2d,quality,10,512,5975937,0.356194,22.4597,28.658,0.870358,7.3442,102,nan,nan,nan,96.7428,245.623,1447038,68.5851,128,True,1,forlindesk2
PHerc0191_9.36um,jpeg,2d,quality,25,512,11641861,0.693909,11.5289,33.5348,0.954785,4.18432,62,nan,nan,nan,87.1521,216.749,2850064,100.585,128,True,1,forlindesk2
PHerc0191_9.36um,jpeg,2d,quality,50,512,17407283,1.03755,7.71044,37.1169,0.979823,2.76357,53,nan,nan,nan,88.2812,195.644,4285952,89.9073,128,True,1,forlindesk2
PHerc0191_9.36um,jpeg,2d,quality,70,512,22634312,1.34911,5.92983,39.6617,0.988749,2.05109,33,nan,nan,nan,83.3351,173.66,5582654,91.4892,128,True,1,forlindesk2
PHerc0191_9.36um,jpeg,2d,quality,85,512,30622658,1.82525,4.38295,42.8003,0.99446,1.41414,25,nan,nan,nan,66.6953,149.511,7567549,142.901,128,True,1,forlindesk2
PHerc0191_9.36um,jpeg,2d,quality,95,512,47851315,2.85216,2.80489,47.801,0.998157,0.754569,10,nan,nan,nan,68.2938,158.302,11855905,167.993,128,True,1,forlindesk2
PHerc0191_9.36um,jpeg2000,2d,target PSNR,28,512,3168913,0.188882,42.3545,27.188,0.803599,8.73941,146,nan,nan,nan,7.18065,89.7026,715236,352.622,128,True,1,forlindesk2
PHerc0191_9.36um,jpeg2000,2d,target PSNR,31,512,5378139,0.320562,24.9562,30.3659,0.90095,6.09162,113,nan,nan,nan,9.31371,47.071,1266416,273.774,128,True,1,forlindesk2
PHerc0191_9.36um,jpeg2000,2d,target PSNR,34,512,8166236,0.486746,16.4357,33.4476,0.95278,4.22924,58,nan,nan,nan,9.25074,61.2421,1940950,428.537,128,True,1,forlindesk2
PHerc0191_9.36um,jpeg2000,2d,target PSNR,37,512,11865290,0.707226,11.3118,36.4221,0.975797,2.9944,42,nan,nan,nan,9.39447,21.6901,2821974,548.028,128,True,1,forlindesk2
PHerc0191_9.36um,jpeg2000,2d,target PSNR,40,512,17226531,1.02678,7.79134,39.5198,0.987105,2.10831,24,nan,nan,nan,9.12872,32.8362,4109115,703.987,128,True,1,forlindesk2
PHerc0191_9.36um,jpeg2000,2d,target PSNR,43,512,23714903,1.41352,5.65964,42.6304,0.9935,1.46167,16,nan,nan,nan,8.80733,22.3822,5777520,972.153,128,True,1,forlindesk2
PHerc0191_9.36um,jpeg2000,2d,target PSNR,46,512,30972967,1.84613,4.33338,45.3915,0.996509,1.03526,18,nan,nan,nan,10.4967,19.7168,7623046,1168.9,128,True,1,forlindesk2
PHerc0191_9.36um,jpegxl,2d,distance,25,512,2561505,0.152678,52.398,25.2911,0.689438,10.8113,147,nan,nan,nan,3.27169,62.9079,598558,555.985,128,True,1,forlindesk2
PHerc0191_9.36um,jpegxl,2d,distance,18,512,3473396,0.207031,38.6416,27.0093,0.784899,8.9271,117,nan,nan,nan,3.21399,41.9626,815078,509.615,128,True,1,forlindesk2
PHerc0191_9.36um,jpegxl,2d,distance,12,512,5122980,0.305353,26.1992,29.287,0.873189,6.87724,107,nan,nan,nan,3.75941,67.5784,1217116,480.463,128,True,1,forlindesk2
PHerc0191_9.36um,jpegxl,2d,distance,8,512,6211649,0.370243,21.6074,31.8159,0.932565,5.09453,75,nan,nan,nan,3.07851,53.333,1521762,884.274,128,True,1,forlindesk2
PHerc0191_9.36um,jpegxl,2d,distance,5,512,8579428,0.511374,15.6441,34.6698,0.964647,3.67137,60,nan,nan,nan,3.2858,65.2853,2096031,518.13,128,True,1,forlindesk2
PHerc0191_9.36um,jpegxl,2d,distance,3,512,11893526,0.708909,11.2849,37.9885,0.983555,2.49141,45,nan,nan,nan,3.07832,65.4109,2920681,477.321,128,True,1,forlindesk2
PHerc0191_9.36um,jpegxl,2d,distance,2,512,15556775,0.927256,8.62761,40.7646,0.991387,1.79051,31,nan,nan,nan,3.34759,65.7965,3812847,428.758,128,True,1,forlindesk2
PHerc0191_9.36um,jpegxl,2d,distance,1,512,24578095,1.46497,5.46087,44.1846,0.995948,1.19742,20,nan,nan,nan,2.97595,62.7448,6045455,435.867,128,True,1,forlindesk2
PHerc0191_9.36um,jpegxl,2d,distance,0.5,512,36965350,2.20331,3.63091,47.8895,0.998246,0.742158,12,nan,nan,nan,3.53645,69.6324,9138260,474.464,128,True,1,forlindesk2
PHerc0191_9.36um,webp,2d,quality,0,512,2424818,0.14453,55.3517,24.8987,0.6553,11.3789,140,nan,nan,nan,14.6271,134.408,574714,120.686,128,True,1,forlindesk2
PHerc0191_9.36um,webp,2d,quality,5,512,5601204,0.333858,23.9623,28.8369,0.859269,7.19315,116,nan,nan,nan,13.8496,121.222,1347386,149.753,128,True,1,forlindesk2
PHerc0191_9.36um,webp,2d,quality,20,512,8782728,0.523491,15.282,31.3923,0.925704,5.35014,69,nan,nan,nan,12.6218,136.833,2139276,188.289,128,True,1,forlindesk2
PHerc0191_9.36um,webp,2d,quality,40,512,12172160,0.725517,11.0266,33.8448,0.956718,4.05313,49,nan,nan,nan,14.2197,124.31,2974512,213.169,128,True,1,forlindesk2
PHerc0191_9.36um,webp,2d,quality,60,512,15139632,0.902392,8.86532,35.7046,0.971517,3.27303,35,nan,nan,nan,8.82109,80.6831,3721264,236.226,128,True,1,forlindesk2
PHerc0191_9.36um,webp,2d,quality,80,512,20712404,1.23456,6.48007,38.7273,0.985595,2.30829,25,nan,nan,nan,11.364,89.979,5107486,278.229,128,True,1,forlindesk2
PHerc0191_9.36um,webp,2d,quality,95,512,40922994,2.4392,3.27976,46.0753,0.997238,0.94021,8,nan,nan,nan,9.77833,59.6366,10143262,464.69,128,True,1,forlindesk2
PHerc0191_9.36um,avif,2d,quality,0,512,1690819,0.100781,79.3803,24.7757,0.691553,11.4002,164,nan,nan,nan,2.52306,98.4112,409535,157.673,128,True,1,forlindesk2
PHerc0191_9.36um,avif,2d,quality,5,512,1904013,0.113488,70.492,25.2187,0.724335,10.7853,161,nan,nan,nan,2.56693,95.4139,465065,351.954,128,True,1,forlindesk2
PHerc0191_9.36um,avif,2d,quality,10,512,2561215,0.15266,52.4039,26.6637,0.795873,9.17678,163,nan,nan,nan,3.74794,172.75,627777,170.39,128,True,1,forlindesk2
PHerc0191_9.36um,avif,2d,quality,25,512,4200633,0.250377,31.9518,29.5357,0.891209,6.62711,102,nan,nan,nan,2.89839,114.33,1034909,237.246,128,True,1,forlindesk2
PHerc0191_9.36um,avif,2d,quality,40,512,7184312,0.428218,18.6821,33.3594,0.953663,4.2713,79,nan,nan,nan,2.99863,162.845,1777072,205.668,128,True,1,forlindesk2
PHerc0191_9.36um,avif,2d,quality,55,512,11357409,0.676954,11.8176,37.3181,0.980803,2.69909,58,nan,nan,nan,2.46121,133.219,2821473,247.03,128,True,1,forlindesk2
PHerc0191_9.36um,avif,2d,quality,70,512,17166920,1.02323,7.81839,41.7278,0.992777,1.61072,32,nan,nan,nan,2.01704,75.8491,4249265,415.499,128,True,1,forlindesk2
PHerc0191_9.36um,avif,2d,quality,85,512,23625937,1.40822,5.68095,45.2252,0.996742,1.05009,21,nan,nan,nan,1.71934,70.7543,5850258,516.986,128,True,1,forlindesk2
PHerc0191_9.36um,avif,2d,quality,95,512,40568301,2.41806,3.30844,49.5882,0.998827,0.58547,9,nan,nan,nan,1.02052,28.0704,10097773,836.614,128,True,1,forlindesk2
PHerc0191_9.36um,x264,video,crf,44,512,579269,0.0345271,231.702,22.8033,0.497286,14.3881,201,nan,nan,nan,29.0496,240.04,130652,46.1153,1,True,1,forlindesk2
PHerc0191_9.36um,x264,video,crf,38,512,1898309,0.113148,70.7038,26.623,0.767963,9.29418,122,nan,nan,nan,18.8381,177.025,457214,136.378,1,True,1,forlindesk2
PHerc0191_9.36um,x264,video,crf,32,512,4664725,0.278039,28.7729,30.9266,0.911533,5.68782,68,nan,nan,nan,14.5895,142.537,1149833,185.709,1,True,1,forlindesk2
PHerc0191_9.36um,x264,video,crf,26,512,9506434,0.566628,14.1186,35.5786,0.969185,3.33054,43,nan,nan,nan,13.5759,119.8,2367158,221.052,1,True,1,forlindesk2
PHerc0191_9.36um,x264,video,crf,20,512,16555680,0.986795,8.10705,40.2557,0.989159,1.93559,29,nan,nan,nan,10.9514,85.3938,4133812,312.981,1,True,1,forlindesk2
PHerc0191_9.36um,x264,video,crf,14,512,26867060,1.6014,4.99562,45.1762,0.996418,1.06811,41,nan,nan,nan,10.4236,59.5168,6725941,496.429,1,True,1,forlindesk2
PHerc0191_9.36um,x264,video,crf,8,512,41552039,2.47669,3.23011,49.9888,0.998793,0.552521,7,nan,nan,nan,7.98519,33.3904,10414651,845.229,1,True,1,forlindesk2
PHerc0191_9.36um,x265,video,crf,44,512,307640,0.0183368,436.282,23.1257,0.545493,13.7962,179,nan,nan,nan,14.0599,393.488,70538,75.8428,1,True,1,forlindesk2
PHerc0191_9.36um,x265,video,crf,38,512,1002022,0.0597252,133.947,26.6191,0.775029,9.25925,140,nan,nan,nan,9.41812,267.436,242720,249.061,1,True,1,forlindesk2
PHerc0191_9.36um,x265,video,crf,32,512,2384162,0.142107,56.2956,30.3191,0.900454,6.04856,91,nan,nan,nan,6.77843,81.643,581801,207.515,1,True,1,forlindesk2
PHerc0191_9.36um,x265,video,crf,26,512,4985536,0.297161,26.9214,34.5147,0.961301,3.73422,66,nan,nan,nan,4.64452,152.782,1234787,277.392,1,True,1,forlindesk2
PHerc0191_9.36um,x265,video,crf,20,512,9077211,0.541044,14.7862,38.8517,0.985579,2.25346,37,nan,nan,nan,3.28628,81.8658,2253142,395.038,1,True,1,forlindesk2
PHerc0191_9.36um,x265,video,crf,14,512,15075482,0.898569,8.90305,43.251,0.994686,1.33419,36,nan,nan,nan,2.9593,67.9053,3742744,453.986,1,True,1,forlindesk2
PHerc0191_9.36um,x265,video,crf,8,512,23563080,1.40447,5.6961,47.3859,0.997902,0.790127,16,nan,nan,nan,2.26758,48.4883,5841129,599.91,1,True,1,forlindesk2
PHerc0191_9.36um,svtav1,video,crf,63,512,340651,0.0203044,394.004,23.7806,0.600919,12.74,171,nan,nan,nan,8.98967,269.883,79319,90.5308,1,True,1,forlindesk2
PHerc0191_9.36um,svtav1,video,crf,58,512,956313,0.0570007,140.349,26.903,0.790858,8.96001,125,nan,nan,nan,8.5719,120.565,231318,145.48,1,True,1,forlindesk2
PHerc0191_9.36um,svtav1,video,crf,48,512,2296470,0.13688,58.4452,30.8486,0.912412,5.70156,84,nan,nan,nan,6.74332,118.892,565368,148.676,1,True,1,forlindesk2
PHerc0191_9.36um,svtav1,video,crf,38,512,4484755,0.267312,29.9275,34.7518,0.963694,3.63323,63,nan,nan,nan,8.68233,89.6958,1125557,193.249,1,True,1,forlindesk2
PHerc0191_9.36um,svtav1,video,crf,28,512,8041205,0.479293,16.6912,38.9828,0.986167,2.22777,46,nan,nan,nan,8.23391,130.032,1995248,239.93,1,True,1,forlindesk2
PHerc0191_9.36um,svtav1,video,crf,18,512,12309925,0.733729,10.9032,42.4919,0.993755,1.46719,38,nan,nan,nan,8.65466,76.7554,3036625,283.522,1,True,1,forlindesk2
PHerc0191_9.36um,svtav1,video,crf,8,512,20172529,1.20238,6.65349,46.3777,0.997393,0.90358,36,nan,nan,nan,6.48769,60.4484,4994563,706.663,1,True,1,forlindesk2
PHerc0191_9.36um,aom,video,crf,58,512,778048,0.0463753,172.506,26.0051,0.738513,9.92607,136,nan,nan,nan,2.87864,249.114,186028,165.717,1,True,1,forlindesk2
PHerc0191_9.36um,aom,video,crf,48,512,1948965,0.116167,68.8662,29.8555,0.886432,6.4111,88,nan,nan,nan,2.17084,110.05,475805,204.6,1,True,1,forlindesk2
PHerc0191_9.36um,aom,video,crf,38,512,3945488,0.235169,34.018,33.6918,0.95252,4.12325,61,nan,nan,nan,1.55461,71.3293,971965,473.177,1,True,1,forlindesk2
PHerc0191_9.36um,aom,video,crf,28,512,7502465,0.447182,17.8898,37.8845,0.981552,2.53326,40,nan,nan,nan,1.40555,66.4053,1876397,292.591,1,True,1,forlindesk2
PHerc0191_9.36um,aom,video,crf,18,512,12084602,0.720298,11.1065,41.5551,0.991997,1.64953,27,nan,nan,nan,1.25154,58.7158,3021377,499.237,1,True,1,forlindesk2
PHerc0191_9.36um,aom,video,crf,8,512,20967092,1.24974,6.40135,46.0938,0.99717,0.944784,17,nan,nan,nan,1.02522,33.6758,5247344,600.682,1,True,1,forlindesk2
PHerc0191_9.36um,x264-intra,video-intra,crf,40,512,929449,0.0553995,144.406,22.4999,0.462939,14.8816,194,nan,nan,nan,72.317,210.085,222409,133.694,1,True,1,forlindesk2
PHerc0191_9.36um,x264-intra,video-intra,crf,32,512,3605059,0.214878,37.2304,27.3631,0.798486,8.57788,158,nan,nan,nan,47.9999,157.686,886048,159.589,1,True,1,forlindesk2
PHerc0191_9.36um,x264-intra,video-intra,crf,24,512,9203288,0.548559,14.5837,33.0008,0.945029,4.48003,72,nan,nan,nan,35.0579,116.205,2299201,271.509,1,True,1,forlindesk2
PHerc0191_9.36um,x264-intra,video-intra,crf,16,512,18341526,1.09324,7.3177,38.7759,0.985308,2.29634,40,nan,nan,nan,26.149,79.3623,4563026,382.72,1,True,1,forlindesk2
PHerc0191_9.36um,x264-intra,video-intra,crf,8,512,33894132,2.02025,3.95991,45.169,0.99649,1.06686,40,nan,nan,nan,16.4099,41.9358,8478310,682.198,1,True,1,forlindesk2
PHerc0191_9.36um,x265-intra,video-intra,crf,40,512,2125507,0.12669,63.1462,23.1094,0.545498,13.886,166,nan,nan,nan,5.05489,368.779,522110,115.399,1,True,1,forlindesk2
PHerc0191_9.36um,x265-intra,video-intra,crf,32,512,4438242,0.26454,30.2412,28.1844,0.841239,7.80697,116,nan,nan,nan,3.92972,174.624,1096012,166.189,1,True,1,forlindesk2
PHerc0191_9.36um,x265-intra,video-intra,crf,24,512,8823743,0.525936,15.211,33.9613,0.95617,4.01694,67,nan,nan,nan,2.664,51.4296,2187030,356.838,1,True,1,forlindesk2
PHerc0191_9.36um,x265-intra,video-intra,crf,16,512,15857383,0.945174,8.46405,40.0967,0.989117,1.96227,30,nan,nan,nan,2.51822,96.4531,3936592,449.428,1,True,1,forlindesk2
PHerc0191_9.36um,x265-intra,video-intra,crf,8,512,26460345,1.57716,5.07241,46.0531,0.99718,0.949149,16,nan,nan,nan,2.09906,55.784,6568609,784.291,1,True,1,forlindesk2
PHerc0191_9.36um,svtav1-intra,video-intra,crf,63,512,1143779,0.0681745,117.346,23.8923,0.596886,12.748,154,nan,nan,nan,2.23885,181.247,265619,86.2561,1,True,1,forlindesk2
PHerc0191_9.36um,svtav1-intra,video-intra,crf,53,512,4264063,0.254158,31.4765,29.8138,0.88697,6.49518,78,nan,nan,nan,3.48911,208.817,1028221,119.652,1,True,1,forlindesk2
PHerc0191_9.36um,svtav1-intra,video-intra,crf,38,512,9648923,0.575121,13.9101,36.3627,0.974318,3.04528,49,nan,nan,nan,4.68818,151.991,2354282,218.473,1,True,1,forlindesk2
PHerc0191_9.36um,svtav1-intra,video-intra,crf,23,512,18472576,1.10105,7.26578,43.1781,0.994629,1.35918,28,nan,nan,nan,4.17591,62.4757,4502863,322.98,1,True,1,forlindesk2
PHerc0191_9.36um,svtav1-intra,video-intra,crf,8,512,33190507,1.97831,4.04386,48.5941,0.998408,0.678286,12,nan,nan,nan,3.72299,47.5637,8179186,578.43,1,True,1,forlindesk2
PHerc0191_9.36um,aom-intra,video-intra,crf,53,512,3091027,0.18424,43.4217,27.9589,0.837687,8.03774,104,nan,nan,nan,5.3674,223.706,739955,140.829,1,True,1,forlindesk2
PHerc0191_9.36um,aom-intra,video-intra,crf,38,512,7791991,0.464439,17.2251,34.3286,0.960182,3.85683,48,nan,nan,nan,4.00202,223.983,1894265,218.73,1,True,1,forlindesk2
PHerc0191_9.36um,aom-intra,video-intra,crf,23,512,15211542,0.906679,8.82341,40.7728,0.990615,1.81672,30,nan,nan,nan,2.75161,106.248,3716950,229.968,1,True,1,forlindesk2
PHerc0191_9.36um,aom-intra,video-intra,crf,8,512,26628861,1.5872,5.04031,46.7819,0.997582,0.868205,14,nan,nan,nan,1.86389,50.791,6519690,456.68,1,True,1,forlindesk2
PHerc0191_9.36um,zfp-acc,3d,tolerance,256,512,14558360,0.867746,9.21929,31.6756,0.931429,5.19224,63,nan,nan,nan,69.3247,50.447,217432,8.12653,1,True,1,forlindesk2
PHerc0191_9.36um,zfp-acc,3d,tolerance,128,512,22319712,1.33036,6.01342,36.0565,0.972968,3.15102,32,nan,nan,nan,66.8524,47.065,335664,12.3597,1,True,1,forlindesk2
PHerc0191_9.36um,zfp-acc,3d,tolerance,64,512,33062440,1.97067,4.05952,40.8087,0.990528,1.80863,18,nan,nan,nan,81.6617,43.7858,500912,16.4269,1,True,1,forlindesk2
PHerc0191_9.36um,zfp-acc,3d,tolerance,32,512,46725648,2.78507,2.87246,45.7618,0.996881,0.982266,9,nan,nan,nan,83.5506,42.2426,714032,20.9977,1,True,1,forlindesk2
PHerc0191_9.36um,zfp-acc,3d,tolerance,16,512,62801048,3.74323,2.13719,50.7424,0.998992,0.474436,5,nan,nan,nan,72.7697,50.0069,966016,56.669,1,True,1,forlindesk2
PHerc0191_9.36um,zfp-acc,3d,tolerance,8,512,79683632,4.74951,1.68438,56.754,0.999746,0.135137,3,nan,nan,nan,71.6582,49.8863,1230040,59.1201,1,True,1,forlindesk2
PHerc0191_9.36um,zfp-acc,3d,tolerance,4,512,96531832,5.75375,1.3904,67.3259,0.999978,0.0120363,1,nan,nan,nan,67.4552,48.8796,1493336,59.3703,1,True,1,forlindesk2
PHerc0191_9.36um,zfp-acc,3d,tolerance,2,512,113322480,6.75455,1.18439,96.8731,1,1.33589e-05,1,nan,nan,nan,86.8985,68.2995,1755760,32.7111,1,True,1,forlindesk2
PHerc0191_9.36um,zfp-acc,3d,tolerance,1,512,130099008,7.75451,1.03166,inf,1,0,0,nan,nan,nan,83.0397,68.5039,2017952,41.1747,1,True,1,forlindesk2
PHerc0191_9.36um,zfp-acc,3d,tolerance,0.5,512,146872616,8.75429,0.913838,inf,1,0,0,nan,nan,nan,80.5779,77.6186,2280112,30.6186,1,True,1,forlindesk2
PHerc0191_9.36um,zfp-acc,3d,tolerance,0.25,512,163645584,9.75404,0.820173,inf,1,0,0,nan,nan,nan,75.6724,79.9552,2542256,35.946,1,True,1,forlindesk2
PHerc0191_9.36um,zfp-rate,3d,bits/value,0.25,512,4195328,0.250061,31.9922,19.6277,0.378771,20.354,255,nan,nan,nan,114.671,57.0513,65552,16.2324,1,True,1,forlindesk2
PHerc0191_9.36um,zfp-rate,3d,bits/value,0.5,512,8389632,0.500061,15.998,25.3475,0.800687,9.81147,235,nan,nan,nan,139.8,81.6501,131088,44.2504,1,True,1,forlindesk2
PHerc0191_9.36um,zfp-rate,3d,bits/value,1,512,16778240,1.00006,7.99951,32.0019,0.950708,4.58587,157,nan,nan,nan,122.798,83.4199,262160,46.2242,1,True,1,forlindesk2
PHerc0191_9.36um,zfp-rate,3d,bits/value,1.5,512,25166848,1.50006,5.33312,36.4102,0.98144,2.76617,106,nan,nan,nan,82.8758,78.4094,393232,39.1373,1,True,1,forlindesk2
PHerc0191_9.36um,zfp-rate,3d,bits/value,2,512,33555456,2.00006,3.99988,39.9745,0.991621,1.82977,91,nan,nan,nan,86.6013,54.3963,524304,38.0492,1,True,1,forlindesk2
PHerc0191_9.36um,zfp-rate,3d,bits/value,3,512,50332672,3.00006,2.66661,45.936,0.997799,0.880957,48,nan,nan,nan,91.0778,67.4336,786448,45.7801,1,True,1,forlindesk2
PHerc0191_9.36um,zfp-rate,3d,bits/value,4,512,67109888,4.00006,1.99997,51.0783,0.999296,0.410454,26,nan,nan,nan,53.8348,38.9578,1048592,41.3895,1,True,1,forlindesk2
PHerc0191_9.36um,sz3,3d,abs error,32,512,2916956,0.173864,46.0129,26.8689,0.79725,9.37351,32,nan,nan,nan,15.212,23.2735,37444,54.8534,1,True,1,forlindesk2
PHerc0191_9.36um,sz3,3d,abs error,16,512,6905998,0.41163,19.435,31.6513,0.928447,5.43026,16,nan,nan,nan,18.085,16.4727,86966,65.5368,1,True,1,forlindesk2
PHerc0191_9.36um,sz3,3d,abs error,8,512,14642056,0.872735,9.16659,35.937,0.971587,3.39051,8,nan,nan,nan,19.6554,16.7178,198003,72.4815,1,True,1,forlindesk2
PHerc0191_9.36um,sz3,3d,abs error,4,512,25020045,1.49131,5.36441,40.9407,0.990547,1.93315,4,nan,nan,nan,14.3059,18.4549,353491,90.7979,1,True,1,forlindesk2
PHerc0191_9.36um,sz3,3d,abs error,2,512,39085646,2.32969,3.43394,46.3853,0.997245,0.996978,2,nan,nan,nan,27.9716,17.5984,563579,93.2097,1,True,1,forlindesk2
PHerc0191_9.36um,sz3,3d,abs error,1,512,55073232,3.28262,2.43708,51.1474,0.999076,0.49928,1,nan,nan,nan,25.4823,18.1095,808532,94.7881,1,True,1,forlindesk2
PHerc0191_9.36um,sz3,3d,abs error,0.5,512,72107885,4.29796,1.86135,93.5917,1,2.84389e-05,1,nan,nan,nan,23.8899,22.4269,1073325,92.4454,1,True,1,forlindesk2
PHerc0191_9.36um,volcomp,volcomp,q,128,512,236817,0.0141154,566.757,21.9742,0.435102,15.5447,255,nan,nan,nan,83.2189,613.604,3111,0.85403,1,True,1,forlindesk2
PHerc0191_9.36um,volcomp,volcomp,q,64,512,564578,0.0336515,237.731,24.004,0.619039,12.4005,189,nan,nan,nan,82.4456,535.739,7650,2.31408,1,True,1,forlindesk2
PHerc0191_9.36um,volcomp,volcomp,q,32,512,1227851,0.0731856,109.311,26.6551,0.782618,9.19608,142,nan,nan,nan,40.7697,165.417,17326,1.45157,1,True,1,forlindesk2
PHerc0191_9.36um,volcomp,volcomp,q,16,512,2409356,0.143609,55.7069,29.8235,0.891609,6.41185,100,nan,nan,nan,45.6586,410.747,34761,1.31222,1,True,1,forlindesk2
PHerc0191_9.36um,volcomp,volcomp,q,8,512,4325507,0.25782,31.0294,33.3817,0.951069,4.26515,69,nan,nan,nan,43.4107,345.4,63503,4.52325,1,True,1,forlindesk2
PHerc0191_9.36um,volcomp,volcomp,q,4,512,7225981,0.430702,18.5743,37.1942,0.979308,2.74528,47,nan,nan,nan,34.7488,132.58,107187,3.74666,1,True,1,forlindesk2
PHerc0191_9.36um,volcomp,volcomp,q,2,512,11369698,0.677687,11.8049,41.1461,0.99156,1.7258,41,nan,nan,nan,38.3563,143.662,169471,5.64941,1,True,1,forlindesk2
PHerc0191_9.36um,volcomp,volcomp,q,1,512,17084706,1.01833,7.85602,45.1133,0.996568,1.06474,28,nan,nan,nan,30.2804,83.3673,255175,6.90051,1,True,1,forlindesk2
PHerc0191_9.36um,volcomp-smooth,volcomp,q,128,512,236817,0.0141154,566.757,22.2254,0.448356,15.1188,246,nan,nan,nan,25.3937,41.2816,3111,9.84733,1,True,1,forlindesk2
PHerc0191_9.36um,volcomp-smooth,volcomp,q,64,512,564578,0.0336515,237.731,24.3531,0.634828,11.9271,190,nan,nan,nan,59.0657,77.9535,7650,17.6483,1,True,1,forlindesk2
PHerc0191_9.36um,volcomp-smooth,volcomp,q,32,512,1227851,0.0731856,109.311,27.0797,0.796671,8.773,141,nan,nan,nan,59.0594,62.836,17326,29.4996,1,True,1,forlindesk2
PHerc0191_9.36um,volcomp-smooth,volcomp,q,16,512,2409356,0.143609,55.7069,30.2432,0.900275,6.11974,101,nan,nan,nan,54.5551,73.3488,34761,16.3122,1,True,1,forlindesk2
PHerc0191_9.36um,volcomp-smooth,volcomp,q,8,512,4325507,0.25782,31.0294,33.5867,0.953546,4.16549,69,nan,nan,nan,53.07,74.3255,63503,23.1098,1,True,1,forlindesk2
PHerc0191_9.36um,volcomp-smooth,volcomp,q,4,512,7225981,0.430702,18.5743,37.1984,0.979276,2.74373,47,nan,nan,nan,53.0855,67.6963,107187,24.2008,1,True,1,forlindesk2
PHerc0191_9.36um,volcomp-smooth,volcomp,q,2,512,11369698,0.677687,11.8049,41.1461,0.99156,1.7258,41,nan,nan,nan,69.2477,292.816,169471,5.34215,1,True,1,forlindesk2
PHerc0191_9.36um,volcomp-smooth,volcomp,q,1,512,17084706,1.01833,7.85602,45.1133,0.996568,1.06474,28,nan,nan,nan,40.5137,112.586,255175,7.2409,1,True,1,forlindesk2
